Age,Cabin_A,Cabin_B,Cabin_C,Cabin_D,Cabin_E,Cabin_F,Cabin_G,Cabin_M,Cabin_T,Embarked_C,Embarked_Q,Embarked_S,Family_cat_Alone,Family_cat_Large,Family_cat_Small,Fare,Pclass,Sex_female,Sex_male,Title_Master,Title_Miss,Title_Mr,Title_Mrs,Title_Other,Title_Rev
22,0,0,0,0,0,0,0,1,0,0,0,1,0,0,1,7.25,3,0,1,0,0,1,0,0,0
38,0,0,1,0,0,0,0,0,0,1,0,0,0,0,1,71.2833,1,1,0,0,0,0,1,0,0
26,0,0,0,0,0,0,0,1,0,0,0,1,1,0,0,7.925,3,1,0,0,1,0,0,0,0
35,0,0,1,0,0,0,0,0,0,0,0,1,0,0,1,53.1,1,1,0,0,0,0,1,0,0
35,0,0,0,0,0,0,0,1,0,0,0,1,1,0,0,8.05,3,0,1,0,0,1,0,0,0
26,0,0,0,0,0,0,0,1,0,0,1,0,1,0,0,8.4583,3,0,1,0,0,1,0,0,0
54,0,0,0,0,1,0,0,0,0,0,0,1,1,0,0,51.8625,1,0,1,0,0,1,0,0,0
2,0,0,0,0,0,0,0,1,0,0,0,1,0,1,0,21.075,3,0,1,1,0,0,0,0,0
27,0,0,0,0,0,0,0,1,0,0,0,1,0,0,1,11.1333,3,1,0,0,0,0,1,0,0
14,0,0,0,0,0,0,0,1,0,1,0,0,0,0,1,30.0708,2,1,0,0,0,0,1,0,0
4,0,0,0,0,0,0,1,0,0,0,0,1,0,0,1,16.7,3,1,0,0,1,0,0,0,0
58,0,0,1,0,0,0,0,0,0,0,0,1,1,0,0,26.55,1,1,0,0,1,0,0,0,0
20,0,0,0,0,0,0,0,1,0,0,0,1,1,0,0,8.05,3,0,1,0,0,1,0,0,0
39,0,0,0,0,0,0,0,1,0,0,0,1,0,1,0,31.275,3,0,1,0,0,1,0,0,0
14,0,0,0,0,0,0,0,1,0,0,0,1,1,0,0,7.8542,3,1,0,0,1,0,0,0,0
55,0,0,0,0,0,0,0,1,0,0,0,1,1,0,0,16.0,2,1,0,0,0,0,1,0,0
2,0,0,0,0,0,0,0,1,0,0,1,0,0,1,0,29.125,3,0,1,1,0,0,0,0,0
30,0,0,0,0,0,0,0,1,0,0,0,1,1,0,0,13.0,2,0,1,0,0,1,0,0,0
31,0,0,0,0,0,0,0,1,0,0,0,1,0,0,1,18.0,3,1,0,0,0,0,1,0,0
21,0,0,0,0,0,0,0,1,0,1,0,0,1,0,0,7.225,3,1,0,0,0,0,1,0,0
35,0,0,0,0,0,0,0,1,0,0,0,1,1,0,0,26.0,2,0,1,0,0,1,0,0,0
34,0,0,0,1,0,0,0,0,0,0,0,1,1,0,0,13.0,2,0,1,0,0,1,0,0,0
15,0,0,0,0,0,0,0,1,0,0,1,0,1,0,0,8.0292,3,1,0,0,1,0,0,0,0
28,1,0,0,0,0,0,0,0,0,0,0,1,1,0,0,35.5,1,0,1,0,0,1,0,0,0
8,0,0,0,0,0,0,0,1,0,0,0,1,0,1,0,21.075,3,1,0,0,1,0,0,0,0
38,0,0,0,0,0,0,0,1,0,0,0,1,0,1,0,31.3875,3,1,0,0,0,0,1,0,0
26,0,0,0,0,0,0,0,1,0,1,0,0,1,0,0,7.225,3,0,1,0,0,1,0,0,0
19,0,0,1,0,0,0,0,0,0,0,0,1,0,1,0,263.0,1,0,1,0,0,1,0,0,0
21,0,0,0,0,0,0,0,1,0,0,1,0,1,0,0,7.8792,3,1,0,0,1,0,0,0,0
26,0,0,0,0,0,0,0,1,0,0,0,1,1,0,0,7.8958,3,0,1,0,0,1,0,0,0
40,0,0,0,0,0,0,0,1,0,1,0,0,1,0,0,27.7208,1,0,1,0,0,0,0,1,0
34,0,1,0,0,0,0,0,0,0,1,0,0,0,0,1,146.5208,1,1,0,0,0,0,1,0,0
21,0,0,0,0,0,0,0,1,0,0,1,0,1,0,0,7.75,3,1,0,0,1,0,0,0,0
66,0,0,0,0,0,0,0,1,0,0,0,1,1,0,0,10.5,2,0,1,0,0,1,0,0,0
28,0,0,0,0,0,0,0,1,0,1,0,0,0,0,1,82.1708,1,0,1,0,0,1,0,0,0
42,0,0,0,0,0,0,0,1,0,0,0,1,0,0,1,52.0,1,0,1,0,0,1,0,0,0
26,0,0,0,0,0,0,0,1,0,1,0,0,1,0,0,7.2292,3,0,1,0,0,1,0,0,0
21,0,0,0,0,0,0,0,1,0,0,0,1,1,0,0,8.05,3,0,1,0,0,1,0,0,0
18,0,0,0,0,0,0,0,1,0,0,0,1,0,0,1,18.0,3,1,0,0,1,0,0,0,0
14,0,0,0,0,0,0,0,1,0,1,0,0,0,0,1,11.2417,3,1,0,0,1,0,0,0,0
40,0,0,0,0,0,0,0,1,0,0,0,1,0,0,1,9.475,3,1,0,0,0,0,1,0,0
27,0,0,0,0,0,0,0,1,0,0,0,1,0,0,1,21.0,2,1,0,0,0,0,1,0,0
26,0,0,0,0,0,0,0,1,0,1,0,0,1,0,0,7.8958,3,0,1,0,0,1,0,0,0
3,0,0,0,0,0,0,0,1,0,1,0,0,0,0,1,41.5792,2,1,0,0,1,0,0,0,0
19,0,0,0,0,0,0,0,1,0,0,1,0,1,0,0,7.8792,3,1,0,0,1,0,0,0,0
26,0,0,0,0,0,0,0,1,0,0,0,1,1,0,0,8.05,3,0,1,0,0,1,0,0,0
26,0,0,0,0,0,0,0,1,0,0,1,0,0,0,1,15.5,3,0,1,0,0,1,0,0,0
21,0,0,0,0,0,0,0,1,0,0,1,0,1,0,0,7.75,3,1,0,0,1,0,0,0,0
26,0,0,0,0,0,0,0,1,0,1,0,0,0,0,1,21.6792,3,0,1,0,0,1,0,0,0
18,0,0,0,0,0,0,0,1,0,0,0,1,0,0,1,17.8,3,1,0,0,0,0,1,0,0
7,0,0,0,0,0,0,0,1,0,0,0,1,0,1,0,39.6875,3,0,1,1,0,0,0,0,0
21,0,0,0,0,0,0,0,1,0,0,0,1,1,0,0,7.8,3,0,1,0,0,1,0,0,0
49,0,0,0,1,0,0,0,0,0,1,0,0,0,0,1,76.7292,1,1,0,0,0,0,1,0,0
29,0,0,0,0,0,0,0,1,0,0,0,1,0,0,1,26.0,2,1,0,0,0,0,1,0,0
65,0,1,0,0,0,0,0,0,0,1,0,0,0,0,1,61.9792,1,0,1,0,0,1,0,0,0
41,0,0,1,0,0,0,0,0,0,0,0,1,1,0,0,35.5,1,0,1,0,0,1,0,0,0
21,0,0,0,0,0,0,0,1,0,0,0,1,1,0,0,10.5,2,1,0,0,1,0,0,0,0
28,0,0,0,0,0,0,0,1,0,1,0,0,1,0,0,7.2292,3,0,1,0,0,1,0,0,0
5,0,0,0,0,0,0,0,1,0,0,0,1,0,0,1,27.75,2,1,0,0,1,0,0,0,0
11,0,0,0,0,0,0,0,1,0,0,0,1,0,1,0,46.9,3,0,1,1,0,0,0,0,0
22,0,0,0,0,0,0,0,1,0,1,0,0,1,0,0,7.2292,3,0,1,0,0,1,0,0,0
38,0,1,0,0,0,0,0,0,0,0,0,1,1,0,0,80.0,1,1,0,0,1,0,0,0,0
45,0,0,1,0,0,0,0,0,0,0,0,1,0,0,1,83.475,1,0,1,0,0,1,0,0,0
4,0,0,0,0,0,0,0,1,0,0,0,1,0,1,0,27.9,3,0,1,1,0,0,0,0,0
41,0,0,0,0,0,0,0,1,0,1,0,0,1,0,0,27.7208,1,0,1,0,0,1,0,0,0
26,0,0,0,0,0,0,0,1,0,1,0,0,0,0,1,15.2458,3,0,1,1,0,0,0,0,0
29,0,0,0,0,0,1,0,0,0,0,0,1,1,0,0,10.5,2,1,0,0,0,0,1,0,0
19,0,0,0,0,0,0,0,1,0,0,0,1,1,0,0,8.1583,3,0,1,0,0,1,0,0,0
17,0,0,0,0,0,0,0,1,0,0,0,1,0,1,0,7.925,3,1,0,0,1,0,0,0,0
26,0,0,0,0,0,0,0,1,0,0,0,1,0,0,1,8.6625,3,0,1,0,0,1,0,0,0
32,0,0,0,0,0,0,0,1,0,0,0,1,1,0,0,10.5,2,0,1,0,0,1,0,0,0
16,0,0,0,0,0,0,0,1,0,0,0,1,0,1,0,46.9,3,1,0,0,1,0,0,0,0
21,0,0,0,0,0,0,0,1,0,0,0,1,1,0,0,73.5,2,0,1,0,0,1,0,0,0
26,0,0,0,0,0,0,0,1,0,1,0,0,0,0,1,14.4542,3,0,1,0,0,1,0,0,0
32,0,0,0,0,0,0,0,1,0,0,0,1,1,0,0,56.4958,3,0,1,0,0,1,0,0,0
25,0,0,0,0,0,1,0,0,0,0,0,1,1,0,0,7.65,3,0,1,0,0,1,0,0,0
26,0,0,0,0,0,0,0,1,0,0,0,1,1,0,0,7.8958,3,0,1,0,0,1,0,0,0
26,0,0,0,0,0,0,0,1,0,0,0,1,1,0,0,8.05,3,0,1,0,0,1,0,0,0
0,0,0,0,0,0,0,0,1,0,0,0,1,0,0,1,29.0,2,0,1,1,0,0,0,0,0
30,0,0,0,0,0,0,0,1,0,0,0,1,1,0,0,12.475,3,1,0,0,1,0,0,0,0
22,0,0,0,0,0,0,0,1,0,0,0,1,1,0,0,9.0,3,0,1,0,0,1,0,0,0
29,0,0,0,0,0,0,0,1,0,0,0,1,1,0,0,9.5,3,0,1,0,0,1,0,0,0
21,0,0,0,0,0,0,0,1,0,0,1,0,1,0,0,7.7875,3,1,0,0,1,0,0,0,0
28,0,0,0,0,0,0,0,1,0,0,0,1,1,0,0,47.1,1,0,1,0,0,1,0,0,0
17,0,0,0,0,0,0,0,1,0,0,0,1,1,0,0,10.5,2,1,0,0,1,0,0,0,0
33,0,0,0,0,0,0,0,1,0,0,0,1,0,0,1,15.85,3,1,0,0,0,0,1,0,0
16,0,0,0,0,0,0,0,1,0,0,0,1,0,1,0,34.375,3,0,1,0,0,1,0,0,0
26,0,0,0,0,0,0,0,1,0,0,0,1,1,0,0,8.05,3,0,1,0,0,1,0,0,0
23,0,0,1,0,0,0,0,0,0,0,0,1,0,1,0,263.0,1,1,0,0,1,0,0,0,0
24,0,0,0,0,0,0,0,1,0,0,0,1,1,0,0,8.05,3,0,1,0,0,1,0,0,0
29,0,0,0,0,0,0,0,1,0,0,0,1,1,0,0,8.05,3,0,1,0,0,1,0,0,0
20,0,0,0,0,0,0,0,1,0,0,0,1,1,0,0,7.8542,3,0,1,0,0,1,0,0,0
46,0,0,0,0,1,0,0,0,0,0,0,1,0,0,1,61.175,1,0,1,0,0,1,0,0,0
26,0,0,0,0,0,0,0,1,0,0,0,1,0,0,1,20.575,3,0,1,0,0,1,0,0,0
59,0,0,0,0,0,0,0,1,0,0,0,1,1,0,0,7.25,3,0,1,0,0,1,0,0,0
26,0,0,0,0,0,0,0,1,0,0,0,1,1,0,0,8.05,3,0,1,0,0,1,0,0,0
71,1,0,0,0,0,0,0,0,0,1,0,0,1,0,0,34.6542,1,0,1,0,0,1,0,0,0
23,0,0,0,1,0,0,0,0,0,1,0,0,0,0,1,63.3583,1,0,1,0,0,1,0,0,0
34,0,0,0,0,0,0,0,1,0,0,0,1,0,0,1,23.0,2,1,0,0,0,0,1,0,0
34,0,0,0,0,0,0,0,1,0,0,0,1,0,0,1,26.0,2,0,1,0,0,1,0,0,0
28,0,0,0,0,0,0,0,1,0,0,0,1,1,0,0,7.8958,3,1,0,0,1,0,0,0,0
26,0,0,0,0,0,0,0,1,0,0,0,1,1,0,0,7.8958,3,0,1,0,0,1,0,0,0
21,0,0,0,1,0,0,0,0,0,0,0,1,0,0,1,77.2875,1,0,1,0,0,1,0,0,0
33,0,0,0,0,0,0,0,1,0,0,0,1,1,0,0,8.6542,3,0,1,0,0,1,0,0,0
37,0,0,0,0,0,0,0,1,0,0,0,1,0,0,1,7.925,3,0,1,0,0,1,0,0,0
28,0,0,0,0,0,0,0,1,0,0,0,1,1,0,0,7.8958,3,0,1,0,0,1,0,0,0
21,0,0,0,0,0,0,0,1,0,0,0,1,1,0,0,7.65,3,1,0,0,1,0,0,0,0
26,0,0,0,0,0,0,0,1,0,0,0,1,1,0,0,7.775,3,0,1,0,0,1,0,0,0
38,0,0,0,0,0,0,0,1,0,0,0,1,1,0,0,7.8958,3,0,1,0,0,1,0,0,0
21,0,0,0,0,0,0,0,1,0,0,1,0,0,0,1,24.15,3,1,0,0,1,0,0,0,0
47,0,0,1,0,0,0,0,0,0,0,0,1,1,0,0,52.0,1,0,1,0,0,1,0,0,0
14,0,0,0,0,0,0,0,1,0,1,0,0,0,0,1,14.4542,3,1,0,0,1,0,0,0,0
22,0,0,0,0,0,0,0,1,0,0,0,1,1,0,0,8.05,3,0,1,0,0,1,0,0,0
20,0,0,0,0,0,0,0,1,0,0,0,1,0,0,1,9.825,3,1,0,0,1,0,0,0,0
17,0,0,0,0,0,0,0,1,0,1,0,0,1,0,0,14.4583,3,1,0,0,1,0,0,0,0
21,0,0,0,0,0,0,0,1,0,0,0,1,1,0,0,7.925,3,0,1,0,0,1,0,0,0
70,0,0,0,0,0,0,0,1,0,0,1,0,1,0,0,7.75,3,0,1,0,0,1,0,0,0
29,0,0,0,0,0,0,0,1,0,0,0,1,0,0,1,21.0,2,0,1,0,0,1,0,0,0
24,0,1,0,0,0,0,0,0,0,1,0,0,0,0,1,247.5208,1,0,1,0,0,1,0,0,0
2,0,0,0,0,0,0,0,1,0,0,0,1,0,1,0,31.275,3,1,0,0,1,0,0,0,0
21,0,0,0,0,0,0,0,1,0,0,0,1,0,0,1,73.5,2,0,1,0,0,1,0,0,0
26,0,0,0,0,0,0,0,1,0,0,0,1,1,0,0,8.05,3,0,1,0,0,1,0,0,0
32,0,0,0,0,0,0,0,1,0,1,0,0,0,0,1,30.0708,2,0,1,0,0,1,0,0,0
32,0,0,0,0,1,0,0,0,0,0,0,1,1,0,0,13.0,2,1,0,0,1,0,0,0,0
54,0,0,0,1,0,0,0,0,0,0,0,1,0,0,1,77.2875,1,0,1,0,0,1,0,0,0
12,0,0,0,0,0,0,0,1,0,1,0,0,0,0,1,11.2417,3,0,1,1,0,0,0,0,0
26,0,0,0,0,0,0,0,1,0,0,1,0,1,0,0,7.75,3,0,1,0,0,1,0,0,0
24,0,0,0,0,0,0,0,1,0,0,0,1,1,0,0,7.1417,3,0,1,0,0,1,0,0,0
21,0,0,0,0,0,1,0,0,0,1,0,0,0,0,1,22.3583,3,1,0,0,1,0,0,0,0
45,0,0,0,0,0,0,0,1,0,0,0,1,1,0,0,6.975,3,0,1,0,0,1,0,0,0
33,0,0,0,0,0,0,0,1,0,1,0,0,1,0,0,7.8958,3,0,1,0,0,1,0,0,0
20,0,0,0,0,0,0,0,1,0,0,0,1,1,0,0,7.05,3,0,1,0,0,1,0,0,0
47,0,0,0,0,0,0,0,1,0,0,0,1,0,0,1,14.5,3,1,0,0,0,0,1,0,0
29,0,0,0,0,0,0,0,1,0,0,0,1,0,0,1,26.0,2,1,0,0,0,0,1,0,0
25,0,0,0,0,0,0,0,1,0,0,0,1,1,0,0,13.0,2,0,1,0,0,1,0,0,0
23,0,0,0,0,0,0,0,1,0,1,0,0,1,0,0,15.0458,2,0,1,0,0,1,0,0,0
19,0,0,0,1,0,0,0,0,0,0,0,1,0,0,1,26.2833,1,1,0,0,1,0,0,0,0
37,0,0,1,0,0,0,0,0,0,0,0,1,0,0,1,53.1,1,0,1,0,0,1,0,0,0
16,0,0,0,0,0,0,0,1,0,0,0,1,1,0,0,9.2167,3,0,1,0,0,1,0,0,0
24,0,1,0,0,0,0,0,0,0,1,0,0,1,0,0,79.2,1,0,1,0,0,1,0,0,0
21,0,0,0,0,0,0,0,1,0,1,0,0,0,0,1,15.2458,3,1,0,0,0,0,1,0,0
22,0,0,0,0,0,0,0,1,0,0,0,1,1,0,0,7.75,3,1,0,0,1,0,0,0,0
24,0,0,0,0,0,0,0,1,0,0,0,1,0,0,1,15.85,3,1,0,0,0,0,1,0,0
19,0,0,0,0,0,0,0,1,0,0,1,0,1,0,0,6.75,3,0,1,0,0,1,0,0,0
18,0,0,0,0,0,0,0,1,0,0,0,1,1,0,0,11.5,2,0,1,0,0,1,0,0,0
19,0,0,0,0,0,0,0,1,0,0,0,1,0,0,1,36.75,2,0,1,0,0,1,0,0,0
27,0,0,0,0,0,0,0,1,0,0,0,1,1,0,0,7.7958,3,0,1,0,0,1,0,0,0
9,0,0,0,0,0,0,0,1,0,0,0,1,0,1,0,34.375,3,1,0,0,1,0,0,0,0
36,0,0,0,0,0,1,0,0,0,0,0,1,0,0,1,26.0,2,0,1,0,0,1,0,0,0
42,0,0,0,0,0,0,0,1,0,0,0,1,1,0,0,13.0,2,0,1,0,0,0,0,0,1
51,0,0,0,0,0,0,0,1,0,0,0,1,1,0,0,12.525,2,0,1,0,0,0,0,0,1
22,0,0,1,0,0,0,0,0,0,0,0,1,0,0,1,66.6,1,1,0,0,0,0,1,0,0
55,0,0,0,0,0,0,0,1,0,0,0,1,1,0,0,8.05,3,0,1,0,0,1,0,0,0
40,0,0,0,0,0,0,0,1,0,0,0,1,0,0,1,14.5,3,0,1,0,0,1,0,0,0
26,0,0,0,0,0,0,0,1,0,0,0,1,1,0,0,7.3125,3,0,1,0,0,1,0,0,0
51,0,0,0,0,0,0,0,1,0,1,0,0,0,0,1,61.3792,1,0,1,0,0,1,0,0,0
16,0,0,0,0,0,0,0,1,0,0,1,0,1,0,0,7.7333,3,1,0,0,1,0,0,0,0
30,0,0,0,0,0,0,0,1,0,0,0,1,1,0,0,8.05,3,0,1,0,0,1,0,0,0
26,0,0,0,0,0,0,0,1,0,0,0,1,1,0,0,8.6625,3,0,1,0,0,1,0,0,0
26,0,0,0,0,0,0,0,1,0,0,0,1,0,1,0,69.55,3,0,1,1,0,0,0,0,0
44,0,0,0,0,0,0,0,1,0,0,0,1,0,0,1,16.1,3,0,1,0,0,1,0,0,0
40,0,0,0,0,0,0,0,1,0,0,0,1,1,0,0,15.75,2,1,0,0,0,0,1,0,0
26,0,0,0,0,0,0,0,1,0,0,0,1,1,0,0,7.775,3,0,1,0,0,1,0,0,0
17,0,0,0,0,0,0,0,1,0,0,0,1,1,0,0,8.6625,3,0,1,0,0,1,0,0,0
1,0,0,0,0,0,0,0,1,0,0,0,1,0,1,0,39.6875,3,0,1,1,0,0,0,0,0
9,0,0,0,0,0,0,0,1,0,0,0,1,0,0,1,20.525,3,0,1,1,0,0,0,0,0
34,0,0,0,0,1,0,0,0,0,0,0,1,0,0,1,55.0,1,1,0,0,0,0,1,0,0
45,0,0,0,0,0,0,0,1,0,0,0,1,0,1,0,27.9,3,1,0,0,0,0,1,0,0
41,0,0,0,0,0,0,0,1,0,0,0,1,1,0,0,25.925,1,0,1,0,0,1,0,0,0
28,0,0,0,0,0,0,0,1,0,0,0,1,1,0,0,56.4958,3,0,1,0,0,1,0,0,0
61,0,1,0,0,0,0,0,0,0,0,0,1,1,0,0,33.5,1,0,1,0,0,1,0,0,0
4,0,0,0,0,0,0,0,1,0,0,1,0,0,1,0,29.125,3,0,1,1,0,0,0,0,0
1,0,0,0,0,0,0,0,1,0,0,0,1,0,0,1,11.1333,3,1,0,0,1,0,0,0,0
21,0,0,0,0,0,0,0,1,0,0,0,1,1,0,0,7.925,3,0,1,0,0,1,0,0,0
56,1,0,0,0,0,0,0,0,0,1,0,0,1,0,0,30.6958,1,0,1,0,0,1,0,0,0
18,0,0,0,0,0,0,0,1,0,0,0,1,0,0,1,7.8542,3,0,1,0,0,1,0,0,0
26,0,0,0,0,0,0,0,1,0,0,0,1,0,1,0,25.4667,3,0,1,1,0,0,0,0,0
50,0,0,1,0,0,0,0,0,0,1,0,0,1,0,0,28.7125,1,1,0,0,1,0,0,0,0
30,0,0,0,0,0,0,0,1,0,0,0,1,1,0,0,13.0,2,0,1,0,0,1,0,0,0
36,0,0,0,0,0,0,0,1,0,0,0,1,1,0,0,0.0,3,0,1,0,0,1,0,0,0
21,0,0,0,0,0,0,0,1,0,0,0,1,0,1,0,69.55,3,1,0,0,1,0,0,0,0
30,0,0,0,0,0,0,0,1,0,1,0,0,1,0,0,15.05,2,0,1,0,0,1,0,0,0
9,0,0,0,0,0,0,0,1,0,0,0,1,0,1,0,31.3875,3,0,1,1,0,0,0,0,0
1,0,0,0,0,0,1,0,0,0,0,0,1,0,0,1,39.0,2,0,1,1,0,0,0,0,0
4,0,0,0,0,0,0,0,1,0,0,0,1,0,0,1,22.025,3,1,0,0,1,0,0,0,0
41,1,0,0,0,0,0,0,0,0,0,0,1,1,0,0,50.0,1,0,1,0,0,1,0,0,0
21,0,0,0,0,0,0,0,1,0,0,1,0,0,0,1,15.5,3,1,0,0,0,0,1,0,0
45,0,0,0,0,0,0,0,1,0,0,0,1,1,0,0,26.55,1,0,1,0,0,1,0,0,0
40,0,0,0,0,0,0,0,1,0,0,1,0,0,0,1,15.5,3,0,1,0,0,1,0,0,0
36,0,0,0,0,0,0,0,1,0,0,0,1,1,0,0,7.8958,3,0,1,0,0,1,0,0,0
32,0,0,0,0,0,0,0,1,0,0,0,1,1,0,0,13.0,2,1,0,0,0,0,1,0,0
19,0,0,0,0,0,0,0,1,0,0,0,1,1,0,0,13.0,2,0,1,0,0,1,0,0,0
19,0,0,0,0,0,0,0,1,0,0,0,1,0,0,1,7.8542,3,1,0,0,1,0,0,0,0
3,0,0,0,0,0,1,0,0,0,0,0,1,0,0,1,26.0,2,0,1,1,0,0,0,0,0
44,0,1,0,0,0,0,0,0,0,1,0,0,1,0,0,27.7208,1,1,0,0,0,0,1,0,0
58,0,1,0,0,0,0,0,0,0,1,0,0,1,0,0,146.5208,1,1,0,0,1,0,0,0,0
26,0,0,0,0,0,0,0,1,0,0,1,0,1,0,0,7.75,3,0,1,0,0,1,0,0,0
42,0,0,0,0,0,0,0,1,0,0,0,1,0,0,1,8.4042,3,0,1,0,0,1,0,0,0
21,0,0,0,0,0,0,0,1,0,0,1,0,1,0,0,7.75,3,1,0,0,1,0,0,0,0
24,0,0,0,0,0,0,0,1,0,0,0,1,1,0,0,13.0,2,1,0,0,1,0,0,0,0
28,0,0,0,0,0,0,0,1,0,0,0,1,1,0,0,9.5,3,0,1,0,0,1,0,0,0
26,0,0,0,0,0,0,0,1,0,0,0,1,0,1,0,69.55,3,0,1,0,0,1,0,0,0
34,0,0,0,0,0,0,0,1,0,0,0,1,1,0,0,6.4958,3,0,1,0,0,1,0,0,0
45,0,0,0,0,0,0,0,1,0,1,0,0,1,0,0,7.225,3,0,1,0,0,1,0,0,0
18,0,0,0,0,0,0,0,1,0,0,0,1,1,0,0,8.05,3,0,1,0,0,1,0,0,0
2,0,0,0,0,0,0,1,0,0,0,0,1,0,0,1,10.4625,3,1,0,0,1,0,0,0,0
32,0,0,0,0,0,0,0,1,0,0,0,1,0,0,1,15.85,3,0,1,0,0,1,0,0,0
26,0,0,0,0,0,0,0,1,0,1,0,0,1,0,0,18.7875,3,0,1,0,0,1,0,0,0
16,0,0,0,0,0,0,0,1,0,0,1,0,1,0,0,7.75,3,1,0,0,1,0,0,0,0
40,1,0,0,0,0,0,0,0,0,1,0,0,1,0,0,31.0,1,0,1,0,0,1,0,0,0
24,0,0,0,0,0,0,0,1,0,0,0,1,1,0,0,7.05,3,0,1,0,0,1,0,0,0
35,0,0,0,0,0,0,0,1,0,0,0,1,1,0,0,21.0,2,1,0,0,1,0,0,0,0
22,0,0,0,0,0,0,0,1,0,0,0,1,1,0,0,7.25,3,0,1,0,0,1,0,0,0
30,0,0,0,0,0,0,0,1,0,0,0,1,1,0,0,13.0,2,0,1,0,0,1,0,0,0
26,0,0,0,0,0,0,0,1,0,0,1,0,0,0,1,7.75,3,0,1,0,0,1,0,0,0
31,0,0,0,1,0,0,0,0,0,1,0,0,0,0,1,113.275,1,1,0,0,1,0,0,0,0
27,0,0,0,0,0,0,0,1,0,0,0,1,1,0,0,7.925,3,1,0,0,1,0,0,0,0
42,0,0,0,0,0,0,0,1,0,0,0,1,0,0,1,27.0,2,0,1,0,0,1,0,0,0
32,0,0,0,1,0,0,0,0,0,1,0,0,1,0,0,76.2917,1,1,0,0,1,0,0,0,0
30,0,0,0,0,0,0,0,1,0,0,0,1,1,0,0,10.5,2,0,1,0,0,1,0,0,0
16,0,0,0,0,0,0,0,1,0,0,0,1,1,0,0,8.05,3,0,1,0,0,1,0,0,0
27,0,0,0,0,0,0,0,1,0,0,0,1,1,0,0,13.0,2,0,1,0,0,1,0,0,0
51,0,0,0,0,0,0,0,1,0,0,0,1,1,0,0,8.05,3,0,1,0,0,1,0,0,0
26,0,0,0,0,0,0,0,1,0,0,0,1,1,0,0,7.8958,3,0,1,0,0,1,0,0,0
38,0,0,1,0,0,0,0,0,0,0,0,1,0,0,1,90.0,1,0,1,0,0,1,0,0,0
22,0,0,0,0,0,0,0,1,0,0,0,1,1,0,0,9.35,3,0,1,0,0,1,0,0,0
19,0,0,0,0,0,0,0,1,0,0,0,1,1,0,0,10.5,2,0,1,0,0,1,0,0,0
20,0,0,0,0,0,0,0,1,0,0,0,1,1,0,0,7.25,3,0,1,0,0,1,0,0,0
18,0,0,0,0,0,0,0,1,0,0,0,1,1,0,0,13.0,2,0,1,0,0,1,0,0,0
21,0,0,0,0,0,0,0,1,0,0,0,1,0,1,0,25.4667,3,1,0,0,1,0,0,0,0
35,0,0,1,0,0,0,0,0,0,0,0,1,0,0,1,83.475,1,1,0,0,0,0,1,0,0
29,0,0,0,0,0,0,0,1,0,0,0,1,1,0,0,7.775,3,0,1,0,0,1,0,0,0
59,0,0,0,0,0,0,0,1,0,0,0,1,1,0,0,13.5,2,0,1,0,0,1,0,0,0
5,0,0,0,0,0,0,0,1,0,0,0,1,0,1,0,31.3875,3,1,0,0,1,0,0,0,0
24,0,0,0,0,0,0,0,1,0,0,0,1,1,0,0,10.5,2,0,1,0,0,1,0,0,0
21,0,0,0,0,0,0,0,1,0,0,0,1,1,0,0,7.55,3,1,0,0,1,0,0,0,0
44,0,0,0,0,0,0,0,1,0,0,0,1,0,0,1,26.0,2,0,1,0,0,1,0,0,0
8,0,0,0,0,0,0,0,1,0,0,0,1,0,0,1,26.25,2,1,0,0,1,0,0,0,0
19,0,0,0,0,0,0,0,1,0,0,0,1,1,0,0,10.5,2,0,1,0,0,1,0,0,0
33,0,0,0,0,0,0,0,1,0,0,0,1,1,0,0,12.275,2,0,1,0,0,1,0,0,0
21,0,0,0,0,0,0,0,1,0,1,0,0,0,0,1,14.4542,3,1,0,0,1,0,0,0,0
21,0,0,0,0,0,0,0,1,0,0,1,0,0,0,1,15.5,3,1,0,0,1,0,0,0,0
29,0,0,0,0,0,0,0,1,0,0,0,1,1,0,0,10.5,2,0,1,0,0,1,0,0,0
22,0,0,0,0,0,0,0,1,0,0,0,1,1,0,0,7.125,3,0,1,0,0,1,0,0,0
30,0,0,0,0,0,0,0,1,0,1,0,0,1,0,0,7.225,3,0,1,0,0,1,0,0,0
44,0,0,1,0,0,0,0,0,0,0,1,0,0,0,1,90.0,1,0,1,0,0,0,0,1,0
25,0,0,0,0,0,0,0,1,0,0,0,1,1,0,0,7.775,3,1,0,0,1,0,0,0,0
24,0,0,0,0,0,0,0,1,0,0,0,1,0,0,1,14.5,2,1,0,0,0,0,1,0,0
37,0,0,0,1,0,0,0,0,0,0,0,1,0,0,1,52.5542,1,0,1,0,0,1,0,0,0
54,0,0,0,0,0,0,0,1,0,0,0,1,0,0,1,26.0,2,0,1,0,0,0,0,0,1
26,0,0,0,0,0,0,0,1,0,0,0,1,1,0,0,7.25,3,0,1,0,0,1,0,0,0
29,0,0,0,0,0,0,1,0,0,0,0,1,0,0,1,10.4625,3,1,0,0,0,0,1,0,0
62,0,0,1,0,0,0,0,0,0,0,0,1,1,0,0,26.55,1,0,1,0,0,1,0,0,0
30,0,0,0,0,0,0,0,1,0,0,0,1,0,0,1,16.1,3,0,1,0,0,1,0,0,0
41,0,0,0,0,0,0,0,1,0,0,0,1,0,0,1,20.2125,3,1,0,0,0,0,1,0,0
29,0,0,0,0,0,0,0,1,0,1,0,0,0,0,1,15.2458,3,1,0,0,0,0,1,0,0
34,0,0,0,0,0,0,0,1,0,1,0,0,1,0,0,79.2,1,1,0,0,0,0,1,0,0
30,0,1,0,0,0,0,0,0,0,0,0,1,1,0,0,86.5,1,1,0,0,1,0,0,0,0
35,0,0,0,0,0,0,0,1,0,1,0,0,1,0,0,512.3292,1,1,0,0,1,0,0,0,0
50,0,0,0,0,0,0,0,1,0,0,0,1,0,0,1,26.0,2,1,0,0,0,0,1,0,0
26,0,0,0,0,0,0,0,1,0,0,1,0,1,0,0,7.75,3,0,1,0,0,1,0,0,0
3,0,0,0,0,0,0,0,1,0,0,0,1,0,1,0,31.3875,3,0,1,1,0,0,0,0,0
52,0,0,0,0,1,0,0,0,0,0,0,1,0,0,1,79.65,1,0,1,0,0,1,0,0,0
40,0,1,0,0,0,0,0,0,0,0,0,1,1,0,0,0.0,1,0,1,0,0,1,0,0,0
21,0,0,0,0,0,0,0,1,0,0,1,0,1,0,0,7.75,3,1,0,0,1,0,0,0,0
36,0,0,0,0,0,0,0,1,0,0,0,1,1,0,0,10.5,2,0,1,0,0,1,0,0,0
16,0,0,0,0,0,0,0,1,0,0,0,1,0,1,0,39.6875,3,0,1,0,0,1,0,0,0
25,0,0,0,0,0,0,0,1,0,0,0,1,0,0,1,7.775,3,0,1,0,0,1,0,0,0
58,0,0,1,0,0,0,0,0,0,0,0,1,0,0,1,153.4625,1,1,0,0,0,0,1,0,0
35,0,0,1,0,0,0,0,0,0,0,0,1,1,0,0,135.6333,1,1,0,0,1,0,0,0,0
41,0,0,0,0,0,0,0,1,0,0,0,1,1,0,0,31.0,1,0,1,0,0,1,0,0,0
25,0,0,0,0,0,0,0,1,0,0,0,1,1,0,0,0.0,3,0,1,0,0,1,0,0,0
41,0,0,0,0,0,0,0,1,0,0,0,1,0,0,1,19.5,2,1,0,0,0,0,1,0,0
37,0,0,1,0,0,0,0,0,0,1,0,0,0,0,1,29.7,1,0,1,0,0,1,0,0,0
21,0,0,0,0,0,0,0,1,0,0,1,0,1,0,0,7.75,3,1,0,0,1,0,0,0,0
63,0,0,0,1,0,0,0,0,0,0,0,1,0,0,1,77.9583,1,1,0,0,1,0,0,0,0
45,0,0,0,0,0,0,0,1,0,0,0,1,1,0,0,7.75,3,1,0,0,1,0,0,0,0
30,0,0,0,0,0,0,0,1,0,0,0,1,1,0,0,0.0,2,0,1,0,0,1,0,0,0
7,0,0,0,0,0,0,0,1,0,0,1,0,0,1,0,29.125,3,0,1,1,0,0,0,0,0
35,0,0,0,0,0,0,0,1,0,0,0,1,0,0,1,20.25,3,1,0,0,0,0,1,0,0
65,0,0,0,0,0,0,0,1,0,0,1,0,1,0,0,7.75,3,0,1,0,0,1,0,0,0
28,0,0,0,0,0,0,0,1,0,0,0,1,1,0,0,7.8542,3,0,1,0,0,1,0,0,0
16,0,0,0,0,0,0,0,1,0,0,0,1,1,0,0,9.5,3,0,1,0,0,1,0,0,0
19,0,0,0,0,0,0,0,1,0,0,0,1,1,0,0,8.05,3,0,1,0,0,1,0,0,0
41,1,0,0,0,0,0,0,0,0,0,0,1,1,0,0,26.0,1,0,1,0,0,1,0,0,0
33,0,0,0,0,0,0,0,1,0,1,0,0,1,0,0,8.6625,3,0,1,0,0,1,0,0,0
30,0,0,0,0,0,0,0,1,0,0,0,1,1,0,0,9.5,3,0,1,0,0,1,0,0,0
22,0,0,0,0,0,0,0,1,0,0,0,1,1,0,0,7.8958,3,0,1,0,0,1,0,0,0
42,0,0,0,0,0,0,0,1,0,0,0,1,1,0,0,13.0,2,0,1,0,0,1,0,0,0
22,0,0,0,0,0,0,0,1,0,0,1,0,1,0,0,7.75,3,1,0,0,1,0,0,0,0
26,0,0,0,0,0,0,0,1,0,0,0,1,1,0,0,78.85,1,1,0,0,1,0,0,0,0
19,0,1,0,0,0,0,0,0,0,1,0,0,0,0,1,91.0792,1,1,0,0,0,0,1,0,0
36,0,0,0,1,0,0,0,0,0,1,0,0,1,0,0,12.875,2,0,1,0,0,1,0,0,0
24,0,0,0,0,0,0,0,1,0,0,0,1,1,0,0,8.85,3,1,0,0,1,0,0,0,0
24,0,0,0,0,0,0,0,1,0,0,0,1,1,0,0,7.8958,3,0,1,0,0,1,0,0,0
41,0,0,0,0,0,0,0,1,0,1,0,0,1,0,0,27.7208,1,0,1,0,0,1,0,0,0
23,0,0,0,0,0,0,0,1,0,1,0,0,1,0,0,7.2292,3,0,1,0,0,1,0,0,0
2,0,0,1,0,0,0,0,0,0,0,0,1,0,0,1,151.55,1,1,0,0,1,0,0,0,0
41,0,0,1,0,0,0,0,0,0,0,0,1,1,0,0,30.5,1,0,1,0,0,1,0,0,0
50,0,1,0,0,0,0,0,0,0,1,0,0,0,0,1,247.5208,1,1,0,0,0,0,1,0,0
21,0,0,0,0,0,0,0,1,0,0,1,0,1,0,0,7.75,3,1,0,0,1,0,0,0,0
26,0,0,0,0,0,0,0,1,0,0,1,0,0,0,1,23.25,3,0,1,0,0,1,0,0,0
19,0,0,0,0,0,0,0,1,0,0,0,1,1,0,0,0.0,3,0,1,0,0,1,0,0,0
28,0,0,0,0,1,0,0,0,0,0,1,0,1,0,0,12.35,2,1,0,0,1,0,0,0,0
26,0,0,0,0,0,0,0,1,0,0,0,1,1,0,0,8.05,3,0,1,0,0,1,0,0,0
0,0,0,1,0,0,0,0,0,0,0,0,1,0,0,1,151.55,1,0,1,1,0,0,0,0,0
34,0,0,0,0,0,0,0,1,0,1,0,0,1,0,0,110.8833,1,1,0,0,1,0,0,0,0
17,0,0,1,0,0,0,0,0,0,1,0,0,0,0,1,108.9,1,1,0,0,0,0,1,0,0
30,0,0,0,0,0,0,0,1,0,1,0,0,0,0,1,24.0,2,0,1,0,0,1,0,0,0
30,0,0,0,0,1,0,0,0,0,1,0,0,1,0,0,56.9292,1,1,0,0,1,0,0,0,0
24,0,0,1,0,0,0,0,0,0,1,0,0,1,0,0,83.1583,1,1,0,0,1,0,0,0,0
18,0,1,0,0,0,0,0,0,0,1,0,0,0,1,0,262.375,1,1,0,0,1,0,0,0,0
26,0,0,0,0,0,0,0,1,0,0,0,1,0,0,1,26.0,2,1,0,0,0,0,1,0,0
28,0,0,0,0,0,0,0,1,0,0,0,1,1,0,0,7.8958,3,0,1,0,0,1,0,0,0
43,0,0,0,0,0,0,0,1,0,0,0,1,0,0,1,26.25,2,0,1,0,0,1,0,0,0
26,0,0,0,0,0,0,0,1,0,0,0,1,1,0,0,7.8542,3,1,0,0,1,0,0,0,0
24,0,0,0,0,0,0,0,1,0,0,0,1,0,0,1,26.0,2,1,0,0,0,0,1,0,0
54,0,0,0,0,0,0,0,1,0,0,0,1,1,0,0,14.0,2,0,1,0,0,0,0,1,0
31,0,0,1,0,0,0,0,0,0,0,0,1,0,0,1,164.8667,1,1,0,0,1,0,0,0,0
40,0,0,0,0,1,0,0,0,0,1,0,0,0,0,1,134.5,1,1,0,0,0,0,1,0,0
22,0,0,0,0,0,0,0,1,0,0,0,1,1,0,0,7.25,3,0,1,0,0,1,0,0,0
27,0,0,0,0,0,0,0,1,0,0,0,1,1,0,0,7.8958,3,0,1,0,0,1,0,0,0
30,0,0,0,0,0,0,0,1,0,0,1,0,1,0,0,12.35,2,1,0,0,1,0,0,0,0
22,0,0,0,0,0,0,0,1,0,0,0,1,0,0,1,29.0,2,1,0,0,0,0,1,0,0
26,0,0,0,0,0,0,0,1,0,0,0,1,0,1,0,69.55,3,0,1,0,0,1,0,0,0
36,0,0,1,0,0,0,0,0,0,1,0,0,1,0,0,135.6333,1,1,0,0,1,0,0,0,0
61,0,0,0,0,0,0,0,1,0,0,0,1,1,0,0,6.2375,3,0,1,0,0,1,0,0,0
36,0,0,0,1,0,0,0,0,0,0,0,1,1,0,0,13.0,2,1,0,0,0,0,1,0,0
31,0,0,0,0,0,0,0,1,0,0,0,1,0,0,1,20.525,3,1,0,0,0,0,1,0,0
16,0,1,0,0,0,0,0,0,0,1,0,0,0,0,1,57.9792,1,1,0,0,1,0,0,0,0
21,0,0,0,0,0,0,0,1,0,0,1,0,0,0,1,23.25,3,1,0,0,1,0,0,0,0
45,0,0,1,0,0,0,0,0,0,0,0,1,1,0,0,28.5,1,0,1,0,0,1,0,0,0
38,0,0,1,0,0,0,0,0,0,0,0,1,0,0,1,153.4625,1,0,1,0,0,1,0,0,0
16,0,0,0,0,0,0,0,1,0,0,0,1,0,0,1,18.0,3,0,1,0,0,1,0,0,0
34,0,0,0,0,0,0,0,1,0,0,0,1,0,0,1,133.65,1,1,0,0,0,0,1,0,0
26,0,0,0,0,0,0,0,1,0,0,0,1,1,0,0,7.8958,3,0,1,0,0,1,0,0,0
29,0,0,1,0,0,0,0,0,0,0,0,1,0,0,1,66.6,1,0,1,0,0,1,0,0,0
41,0,0,0,0,1,0,0,0,0,1,0,0,1,0,0,134.5,1,1,0,0,1,0,0,0,0
45,0,0,0,0,0,0,0,1,0,0,0,1,1,0,0,8.05,3,0,1,0,0,1,0,0,0
45,0,0,0,0,0,0,0,0,1,0,0,1,1,0,0,35.5,1,0,1,0,0,1,0,0,0
2,0,0,0,0,0,1,0,0,0,0,0,1,0,0,1,26.0,2,0,1,1,0,0,0,0,0
24,0,0,1,0,0,0,0,0,0,0,0,1,0,1,0,263.0,1,1,0,0,1,0,0,0,0
28,0,0,0,0,0,0,0,1,0,0,0,1,1,0,0,13.0,2,0,1,0,0,1,0,0,0
25,0,0,0,0,0,0,0,1,0,0,0,1,1,0,0,13.0,2,0,1,0,0,1,0,0,0
36,0,0,0,0,0,0,0,1,0,0,0,1,1,0,0,13.0,2,0,1,0,0,1,0,0,0
24,0,0,0,0,0,1,0,0,0,0,0,1,1,0,0,13.0,2,1,0,0,1,0,0,0,0
40,0,0,0,0,0,0,0,1,0,0,0,1,1,0,0,13.0,2,1,0,0,1,0,0,0,0
21,0,0,0,0,0,0,0,1,0,0,0,1,0,0,1,16.1,3,1,0,0,0,0,1,0,0
3,0,0,0,0,0,0,0,1,0,0,0,1,0,0,1,15.9,3,0,1,1,0,0,0,0,0
42,0,0,0,0,0,0,0,1,0,0,0,1,1,0,0,8.6625,3,0,1,0,0,1,0,0,0
23,0,0,0,0,0,0,0,1,0,0,0,1,1,0,0,9.225,3,0,1,0,0,1,0,0,0
41,0,0,1,0,0,0,0,0,0,0,0,1,1,0,0,35.0,1,0,1,0,0,1,0,0,0
15,0,0,0,0,0,0,0,1,0,1,0,0,0,0,1,7.2292,3,0,1,0,0,1,0,0,0
25,0,0,0,0,0,0,0,1,0,0,0,1,0,0,1,17.8,3,0,1,0,0,1,0,0,0
26,0,0,0,0,0,0,0,1,0,1,0,0,1,0,0,7.225,3,0,1,0,0,1,0,0,0
28,0,0,0,0,0,0,0,1,0,0,0,1,1,0,0,9.5,3,0,1,0,0,1,0,0,0
22,0,0,0,0,1,0,0,0,0,0,0,1,0,0,1,55.0,1,1,0,0,1,0,0,0,0
38,0,0,0,0,0,0,0,1,0,0,0,1,1,0,0,13.0,2,1,0,0,1,0,0,0,0
21,0,0,0,0,0,0,0,1,0,0,1,0,1,0,0,7.8792,3,1,0,0,1,0,0,0,0
21,0,0,0,0,0,0,0,1,0,0,1,0,1,0,0,7.8792,3,1,0,0,1,0,0,0,0
40,0,0,0,0,0,0,0,1,0,0,0,1,0,1,0,27.9,3,0,1,0,0,1,0,0,0
29,0,0,0,0,0,0,0,1,0,1,0,0,0,0,1,27.7208,2,0,1,0,0,1,0,0,0
45,0,0,0,0,0,0,0,1,0,1,0,0,0,0,1,14.4542,3,1,0,0,0,0,1,0,0
35,0,0,0,0,0,0,0,1,0,0,0,1,1,0,0,7.05,3,0,1,0,0,1,0,0,0
26,0,0,0,0,0,0,0,1,0,0,1,0,0,0,1,15.5,3,0,1,0,0,1,0,0,0
30,0,0,0,0,0,0,0,1,0,0,0,1,1,0,0,7.25,3,0,1,0,0,1,0,0,0
60,0,0,0,1,0,0,0,0,0,1,0,0,0,0,1,75.25,1,1,0,0,0,0,1,0,0
21,0,0,0,0,0,0,0,1,0,1,0,0,1,0,0,7.2292,3,1,0,0,0,0,1,0,0
21,0,0,0,0,0,0,0,1,0,0,1,0,1,0,0,7.75,3,1,0,0,1,0,0,0,0
24,0,1,0,0,0,0,0,0,0,1,0,0,1,0,0,69.3,1,1,0,0,0,0,0,1,0
25,0,0,0,0,1,0,0,0,0,1,0,0,0,0,1,55.4417,1,0,1,0,0,1,0,0,0
18,0,0,0,0,0,0,0,1,0,0,0,1,0,0,1,6.4958,3,0,1,0,0,1,0,0,0
19,0,0,0,0,0,0,0,1,0,0,0,1,1,0,0,8.05,3,0,1,0,0,1,0,0,0
22,0,0,0,0,0,0,0,1,0,1,0,0,1,0,0,135.6333,1,0,1,0,0,1,0,0,0
3,0,0,0,0,0,0,0,1,0,0,0,1,0,1,0,21.075,3,1,0,0,1,0,0,0,0
34,0,0,0,0,0,0,0,1,0,1,0,0,0,0,1,82.1708,1,1,0,0,0,0,1,0,0
22,0,0,0,0,0,0,0,1,0,0,0,1,1,0,0,7.25,3,1,0,0,1,0,0,0,0
27,0,0,1,0,0,0,0,0,0,1,0,0,0,0,1,211.5,1,0,1,0,0,1,0,0,0
20,0,0,0,0,0,0,0,1,0,1,0,0,1,0,0,4.0125,3,0,1,0,0,1,0,0,0
19,0,0,0,0,0,0,0,1,0,0,0,1,1,0,0,7.775,3,0,1,0,0,1,0,0,0
42,0,0,0,0,0,0,0,1,0,1,0,0,1,0,0,227.525,1,1,0,0,1,0,0,0,0
1,0,0,0,0,0,0,0,1,0,1,0,0,0,0,1,15.7417,3,1,0,0,1,0,0,0,0
32,0,0,0,0,0,0,0,1,0,0,0,1,1,0,0,7.925,3,0,1,0,0,1,0,0,0
35,0,0,0,0,0,0,0,1,0,0,0,1,0,0,1,52.0,1,1,0,0,0,0,1,0,0
26,0,0,0,0,0,0,0,1,0,0,0,1,1,0,0,7.8958,3,0,1,0,0,1,0,0,0
18,0,0,0,0,0,0,0,1,0,0,0,1,1,0,0,73.5,2,0,1,0,0,1,0,0,0
1,0,0,0,0,0,0,0,1,0,0,0,1,0,1,0,46.9,3,0,1,1,0,0,0,0,0
36,0,0,0,0,0,0,0,1,0,0,0,1,1,0,0,13.0,2,1,0,0,1,0,0,0,0
26,0,0,0,0,0,0,0,1,0,0,1,0,1,0,0,7.7292,3,0,1,0,0,1,0,0,0
17,0,0,0,0,0,0,0,1,0,1,0,0,1,0,0,12.0,2,1,0,0,1,0,0,0,0
36,0,1,0,0,0,0,0,0,0,0,0,1,0,0,1,120.0,1,0,1,0,0,1,0,0,0
21,0,0,0,0,0,0,0,1,0,0,0,1,1,0,0,7.7958,3,0,1,0,0,1,0,0,0
28,0,0,0,0,0,0,0,1,0,0,0,1,0,0,1,7.925,3,0,1,0,0,1,0,0,0
23,0,0,0,1,0,0,0,0,0,1,0,0,0,0,1,113.275,1,1,0,0,1,0,0,0,0
24,0,0,0,0,0,0,1,0,0,0,0,1,0,0,1,16.7,3,1,0,0,0,0,1,0,0
22,0,0,0,0,0,0,0,1,0,0,0,1,1,0,0,7.7958,3,0,1,0,0,1,0,0,0
31,0,0,0,0,0,0,0,1,0,0,0,1,1,0,0,7.8542,3,1,0,0,1,0,0,0,0
46,0,0,0,0,0,0,0,1,0,0,0,1,1,0,0,26.0,2,0,1,0,0,1,0,0,0
23,0,0,0,0,0,0,0,1,0,0,0,1,1,0,0,10.5,2,0,1,0,0,0,0,1,0
28,0,0,0,0,0,0,0,1,0,0,0,1,1,0,0,12.65,2,1,0,0,0,0,1,0,0
39,0,0,0,0,0,0,0,1,0,0,0,1,1,0,0,7.925,3,0,1,0,0,1,0,0,0
26,0,0,0,0,0,0,0,1,0,0,0,1,1,0,0,8.05,3,0,1,0,0,1,0,0,0
21,0,0,0,0,0,0,0,1,0,0,0,1,0,0,1,9.825,3,1,0,0,1,0,0,0,0
28,0,0,0,0,0,0,0,1,0,0,0,1,0,0,1,15.85,3,0,1,0,0,1,0,0,0
20,0,0,0,0,0,0,0,1,0,0,0,1,1,0,0,8.6625,3,1,0,0,1,0,0,0,0
34,0,0,0,0,0,0,0,1,0,0,0,1,0,0,1,21.0,2,0,1,0,0,1,0,0,0
51,0,0,0,0,0,0,0,1,0,0,0,1,1,0,0,7.75,3,0,1,0,0,1,0,0,0
3,0,0,0,0,0,0,0,1,0,0,0,1,0,0,1,18.75,2,0,1,1,0,0,0,0,0
21,0,0,0,0,0,0,0,1,0,0,0,1,1,0,0,7.775,3,0,1,0,0,1,0,0,0
21,0,0,0,0,0,0,0,1,0,0,0,1,0,1,0,25.4667,3,1,0,0,1,0,0,0,0
26,0,0,0,0,0,0,0,1,0,0,0,1,1,0,0,7.8958,3,0,1,0,0,1,0,0,0
26,0,0,0,0,0,0,0,1,0,0,1,0,1,0,0,6.8583,3,0,1,0,0,1,0,0,0
33,0,0,1,0,0,0,0,0,0,0,1,0,0,0,1,90.0,1,1,0,0,1,0,0,0,0
30,0,0,0,0,0,0,0,1,0,0,0,1,1,0,0,0.0,2,0,1,0,0,1,0,0,0
44,0,0,0,0,0,0,0,1,0,0,0,1,1,0,0,7.925,3,0,1,0,0,1,0,0,0
21,0,0,0,0,0,0,0,1,0,0,0,1,1,0,0,8.05,3,1,0,0,0,0,1,0,0
34,0,0,0,0,0,0,0,1,0,0,0,1,0,0,1,32.5,2,1,0,0,0,0,1,0,0
18,0,0,0,0,0,0,0,1,0,0,0,1,0,0,1,13.0,2,1,0,0,1,0,0,0,0
30,0,0,0,0,0,0,0,1,0,0,0,1,1,0,0,13.0,2,0,1,0,0,1,0,0,0
10,0,0,0,0,0,0,0,1,0,0,0,1,0,0,1,24.15,3,1,0,0,1,0,0,0,0
26,0,0,0,0,0,0,0,1,0,1,0,0,1,0,0,7.8958,3,0,1,0,0,1,0,0,0
21,0,0,0,0,0,0,0,1,0,0,1,0,1,0,0,7.7333,3,0,1,0,0,1,0,0,0
29,0,0,0,0,0,0,0,1,0,0,0,1,1,0,0,7.875,3,0,1,0,0,1,0,0,0
28,0,0,0,0,0,0,0,1,0,0,0,1,0,0,1,14.4,3,1,0,0,0,0,1,0,0
18,0,0,0,0,0,0,0,1,0,0,0,1,0,0,1,20.2125,3,0,1,0,0,1,0,0,0
26,0,0,0,0,0,0,0,1,0,0,0,1,1,0,0,7.25,3,0,1,0,0,1,0,0,0
28,0,0,0,0,0,0,0,1,0,0,0,1,0,0,1,26.0,2,1,0,0,0,0,1,0,0
19,0,0,0,0,0,0,0,1,0,0,0,1,1,0,0,26.0,2,1,0,0,1,0,0,0,0
26,0,0,0,0,0,0,0,1,0,0,1,0,1,0,0,7.75,3,0,1,0,0,1,0,0,0
32,0,0,0,0,1,0,0,0,0,0,0,1,1,0,0,8.05,3,0,1,0,0,1,0,0,0
28,0,0,1,0,0,0,0,0,0,0,0,1,1,0,0,26.55,1,0,1,0,0,1,0,0,0
21,0,0,0,0,0,0,0,1,0,0,0,1,0,0,1,16.1,3,1,0,0,0,0,1,0,0
42,0,0,0,0,0,0,0,1,0,0,0,1,0,0,1,26.0,2,1,0,0,0,0,1,0,0
17,0,0,0,0,0,0,0,1,0,0,0,1,1,0,0,7.125,3,0,1,0,0,1,0,0,0
50,0,0,0,0,1,0,0,0,0,0,0,1,0,0,1,55.9,1,0,1,0,0,1,0,0,0
14,0,1,0,0,0,0,0,0,0,0,0,1,0,0,1,120.0,1,1,0,0,1,0,0,0,0
21,0,0,0,0,0,0,0,1,0,0,0,1,0,1,0,34.375,3,1,0,0,1,0,0,0,0
24,0,0,0,0,0,0,0,1,0,0,0,1,0,1,0,18.75,2,1,0,0,0,0,1,0,0
64,0,0,1,0,0,0,0,0,0,0,0,1,0,1,0,263.0,1,0,1,0,0,1,0,0,0
31,0,0,0,0,0,0,0,1,0,0,0,1,1,0,0,10.5,2,0,1,0,0,1,0,0,0
45,0,0,0,0,0,0,0,1,0,0,0,1,0,0,1,26.25,2,1,0,0,0,0,1,0,0
20,0,0,0,0,0,0,0,1,0,0,0,1,1,0,0,9.5,3,0,1,0,0,1,0,0,0
25,0,0,0,0,0,0,0,1,0,0,0,1,0,0,1,7.775,3,0,1,0,0,1,0,0,0
28,0,0,0,0,0,0,0,1,0,0,0,1,1,0,0,13.0,2,1,0,0,0,0,0,1,0
26,0,0,0,0,0,0,0,1,0,0,0,1,1,0,0,8.1125,3,0,1,0,0,1,0,0,0
4,1,0,0,0,0,0,0,0,0,0,0,1,0,0,1,81.8583,1,0,1,1,0,0,0,0,0
13,0,0,0,0,0,0,0,1,0,0,0,1,0,0,1,19.5,2,1,0,0,1,0,0,0,0
34,0,0,0,0,0,0,0,1,0,0,0,1,1,0,0,26.55,1,0,1,0,0,1,0,0,0
5,0,0,0,0,0,0,0,1,0,1,0,0,0,0,1,19.2583,3,1,0,0,1,0,0,0,0
52,0,0,1,0,0,0,0,0,0,0,0,1,1,0,0,30.5,1,0,1,0,0,0,0,1,0
36,0,0,0,0,0,0,0,1,0,0,0,1,0,0,1,27.75,2,0,1,0,0,1,0,0,0
26,0,0,0,0,0,0,0,1,0,0,0,1,0,0,1,19.9667,3,0,1,0,0,1,0,0,0
30,0,0,1,0,0,0,0,0,0,1,0,0,1,0,0,27.75,1,0,1,0,0,1,0,0,0
49,0,0,1,0,0,0,0,0,0,1,0,0,0,0,1,89.1042,1,0,1,0,0,1,0,0,0
26,0,0,0,0,0,0,0,1,0,0,0,1,1,0,0,8.05,3,0,1,0,0,1,0,0,0
29,0,0,0,0,0,0,0,1,0,1,0,0,1,0,0,7.8958,3,0,1,0,0,1,0,0,0
65,0,0,0,0,1,0,0,0,0,0,0,1,1,0,0,26.55,1,0,1,0,0,1,0,0,0
34,0,0,0,1,0,0,0,0,0,0,0,1,0,0,1,51.8625,1,1,0,0,0,0,1,0,0
50,0,0,0,0,0,0,0,1,0,0,0,1,1,0,0,10.5,2,1,0,0,1,0,0,0,0
26,0,0,0,0,0,0,0,1,0,0,1,0,1,0,0,7.75,3,0,1,0,0,1,0,0,0
48,0,0,0,0,1,0,0,0,0,0,0,1,1,0,0,26.55,1,0,1,0,0,1,0,0,0
34,0,0,0,0,0,0,0,1,0,0,0,1,1,0,0,8.05,3,0,1,0,0,1,0,0,0
47,0,0,0,0,1,0,0,0,0,0,0,1,1,0,0,38.5,1,0,1,0,0,1,0,0,0
48,0,0,0,0,0,0,0,1,0,0,0,1,1,0,0,13.0,2,0,1,0,0,1,0,0,0
26,0,0,0,0,0,0,0,1,0,0,0,1,1,0,0,8.05,3,0,1,0,0,1,0,0,0
38,0,0,0,0,0,0,0,1,0,0,0,1,1,0,0,7.05,3,0,1,0,0,1,0,0,0
30,0,0,0,0,0,0,0,1,0,0,0,1,1,0,0,0.0,2,0,1,0,0,1,0,0,0
56,0,0,0,0,0,0,0,1,0,0,0,1,1,0,0,26.55,1,0,1,0,0,1,0,0,0
26,0,0,0,0,0,0,0,1,0,0,1,0,1,0,0,7.725,3,0,1,0,0,1,0,0,0
0,0,0,0,0,0,0,0,1,0,1,0,0,0,0,1,19.2583,3,1,0,0,1,0,0,0,0
26,0,0,0,0,0,0,0,1,0,0,0,1,1,0,0,7.25,3,0,1,0,0,1,0,0,0
38,0,0,0,0,0,0,0,1,0,0,0,1,1,0,0,8.6625,3,0,1,0,0,1,0,0,0
33,0,0,0,0,0,0,0,1,0,0,0,1,0,0,1,27.75,2,1,0,0,0,0,1,0,0
23,0,0,0,1,0,0,0,0,0,1,0,0,1,0,0,13.7917,2,1,0,0,0,0,1,0,0
22,0,0,0,0,0,0,0,1,0,0,0,1,1,0,0,9.8375,3,1,0,0,1,0,0,0,0
41,1,0,0,0,0,0,0,0,0,0,0,1,1,0,0,52.0,1,0,1,0,0,1,0,0,0
34,0,0,0,0,0,0,0,1,0,0,0,1,0,0,1,21.0,2,0,1,0,0,1,0,0,0
29,0,0,0,0,0,0,0,1,0,0,0,1,0,0,1,7.0458,3,0,1,0,0,1,0,0,0
22,0,0,0,0,0,0,0,1,0,0,0,1,1,0,0,7.5208,3,0,1,0,0,1,0,0,0
2,0,0,0,0,0,0,0,1,0,0,0,1,0,0,1,12.2875,3,1,0,0,1,0,0,0,0
9,0,0,0,0,0,0,0,1,0,0,0,1,0,1,0,46.9,3,0,1,1,0,0,0,0,0
30,0,0,0,0,0,0,0,1,0,0,0,1,1,0,0,0.0,2,0,1,0,0,1,0,0,0
50,0,0,0,0,0,0,0,1,0,0,0,1,1,0,0,8.05,3,0,1,0,0,1,0,0,0
63,0,0,0,0,0,0,0,1,0,0,0,1,1,0,0,9.5875,3,1,0,0,0,0,1,0,0
25,0,1,0,0,0,0,0,0,0,1,0,0,0,0,1,91.0792,1,0,1,0,0,1,0,0,0
21,0,0,0,0,0,0,0,1,0,0,0,1,0,1,0,25.4667,3,1,0,0,1,0,0,0,0
35,0,0,1,0,0,0,0,0,0,0,0,1,0,0,1,90.0,1,1,0,0,0,0,1,0,0
58,0,1,0,0,0,0,0,0,0,1,0,0,1,0,0,29.7,1,0,1,0,0,1,0,0,0
30,0,0,0,0,0,0,0,1,0,0,0,1,1,0,0,8.05,3,0,1,0,0,1,0,0,0
9,0,0,0,0,0,0,0,1,0,0,0,1,0,0,1,15.9,3,0,1,1,0,0,0,0,0
26,0,0,0,0,0,0,0,1,0,0,0,1,0,0,1,19.9667,3,0,1,0,0,1,0,0,0
21,0,0,0,0,0,0,0,1,0,0,0,1,1,0,0,7.25,3,0,1,0,0,1,0,0,0
55,0,0,1,0,0,0,0,0,0,0,0,1,1,0,0,30.5,1,0,1,0,0,1,0,0,0
71,0,0,0,0,0,0,0,1,0,1,0,0,1,0,0,49.5042,1,0,1,0,0,1,0,0,0
21,0,0,0,0,0,0,0,1,0,0,0,1,1,0,0,8.05,3,0,1,0,0,1,0,0,0
26,0,0,0,0,0,0,0,1,0,1,0,0,1,0,0,14.4583,3,0,1,0,0,1,0,0,0
54,0,0,0,1,0,0,0,0,0,1,0,0,0,0,1,78.2667,1,1,0,0,1,0,0,0,0
26,0,0,0,0,0,0,0,1,0,0,0,1,1,0,0,15.1,3,0,1,0,0,1,0,0,0
25,0,0,1,0,0,0,0,0,0,0,0,1,0,0,1,151.55,1,1,0,0,0,0,1,0,0
24,0,0,0,0,0,0,0,1,0,0,0,1,1,0,0,7.7958,3,0,1,0,0,1,0,0,0
17,0,0,0,0,0,0,0,1,0,0,0,1,1,0,0,8.6625,3,0,1,0,0,1,0,0,0
21,0,0,0,0,0,0,0,1,0,0,1,0,1,0,0,7.75,3,1,0,0,1,0,0,0,0
21,0,0,0,0,0,0,0,1,0,0,1,0,1,0,0,7.6292,3,1,0,0,1,0,0,0,0
37,0,0,0,0,0,0,0,1,0,0,0,1,1,0,0,9.5875,3,1,0,0,1,0,0,0,0
16,0,1,0,0,0,0,0,0,0,0,0,1,1,0,0,86.5,1,1,0,0,1,0,0,0,0
18,0,0,1,0,0,0,0,0,0,1,0,0,0,0,1,108.9,1,0,1,0,0,1,0,0,0
33,0,0,0,0,0,0,0,1,0,0,0,1,0,0,1,26.0,2,1,0,0,0,0,1,0,0
41,0,0,0,0,0,0,0,1,0,0,0,1,1,0,0,26.55,1,0,1,0,0,1,0,0,0
28,0,0,0,0,0,0,0,1,0,0,0,1,1,0,0,22.525,3,0,1,0,0,1,0,0,0
26,0,0,0,0,0,0,0,1,0,0,0,1,1,0,0,56.4958,3,0,1,0,0,1,0,0,0
29,0,0,0,0,0,0,0,1,0,0,1,0,1,0,0,7.75,3,0,1,0,0,1,0,0,0
26,0,0,0,0,0,0,0,1,0,0,0,1,1,0,0,8.05,3,0,1,0,0,1,0,0,0
36,0,0,0,0,1,0,0,0,0,0,0,1,1,0,0,26.2875,1,0,1,0,0,1,0,0,0
54,0,0,0,0,0,0,0,1,0,1,0,0,0,0,1,59.4,1,1,0,0,0,0,1,0,0
24,0,0,0,0,0,0,0,1,0,0,0,1,1,0,0,7.4958,3,0,1,0,0,1,0,0,0
47,0,0,0,1,0,0,0,0,0,0,0,1,1,0,0,34.0208,1,0,1,0,0,1,0,0,0
34,0,0,0,0,0,1,0,0,0,0,0,1,1,0,0,10.5,2,1,0,0,0,0,1,0,0
26,0,0,0,0,0,0,0,1,0,0,1,0,1,0,0,24.15,3,0,1,0,0,1,0,0,0
36,0,0,0,0,0,0,0,1,0,0,0,1,0,0,1,26.0,2,1,0,0,0,0,1,0,0
32,0,0,0,0,0,0,0,1,0,0,0,1,1,0,0,7.8958,3,0,1,0,0,1,0,0,0
30,0,1,0,0,0,0,0,0,0,0,0,1,1,0,0,93.5,1,1,0,0,1,0,0,0,0
22,0,0,0,0,0,0,0,1,0,0,0,1,1,0,0,7.8958,3,0,1,0,0,1,0,0,0
26,0,0,0,0,0,0,0,1,0,1,0,0,1,0,0,7.225,3,0,1,0,0,1,0,0,0
44,0,1,0,0,0,0,0,0,0,1,0,0,0,0,1,57.9792,1,1,0,0,0,0,1,0,0
26,0,0,0,0,0,0,0,1,0,1,0,0,1,0,0,7.2292,3,0,1,0,0,1,0,0,0
40,0,0,0,0,0,0,0,1,0,0,1,0,1,0,0,7.75,3,0,1,0,0,1,0,0,0
50,0,0,0,0,0,0,0,1,0,0,0,1,1,0,0,10.5,2,1,0,0,1,0,0,0,0
41,0,0,1,0,0,0,0,0,0,0,0,1,1,0,0,221.7792,1,0,1,0,0,1,0,0,0
39,0,0,0,0,0,0,0,1,0,0,0,1,1,0,0,7.925,3,0,1,0,0,1,0,0,0
23,0,0,0,0,0,0,0,1,0,0,0,1,0,0,1,11.5,2,0,1,0,0,1,0,0,0
2,0,0,0,0,0,0,0,1,0,0,0,1,0,0,1,26.0,2,1,0,0,1,0,0,0,0
26,0,0,0,0,0,0,0,1,0,1,0,0,1,0,0,7.2292,3,0,1,0,0,1,0,0,0
17,0,0,0,0,0,0,0,1,0,1,0,0,0,0,1,7.2292,3,0,1,0,0,1,0,0,0
21,0,0,0,0,0,0,0,1,0,1,0,0,0,0,1,22.3583,3,1,0,0,0,0,1,0,0
30,0,0,0,0,0,0,0,1,0,0,0,1,1,0,0,8.6625,3,1,0,0,1,0,0,0,0
7,0,0,0,0,0,0,0,1,0,0,0,1,0,0,1,26.25,2,1,0,0,1,0,0,0,0
45,0,1,0,0,0,0,0,0,0,0,0,1,1,0,0,26.55,1,0,1,0,0,0,0,1,0
30,0,0,0,0,0,0,0,1,0,1,0,0,1,0,0,106.425,1,1,0,0,1,0,0,0,0
26,0,0,0,0,0,0,0,1,0,0,0,1,1,0,0,14.5,3,0,1,0,0,1,0,0,0
22,0,1,0,0,0,0,0,0,0,1,0,0,0,0,1,49.5,1,1,0,0,1,0,0,0,0
36,0,1,0,0,0,0,0,0,0,0,0,1,0,0,1,71.0,1,1,0,0,1,0,0,0,0
9,0,0,0,0,0,0,0,1,0,0,0,1,0,1,0,31.275,3,1,0,0,1,0,0,0,0
11,0,0,0,0,0,0,0,1,0,0,0,1,0,1,0,31.275,3,1,0,0,1,0,0,0,0
32,0,0,0,0,0,0,0,1,0,0,0,1,0,0,1,26.0,2,0,1,0,0,1,0,0,0
50,0,0,1,0,0,0,0,0,0,1,0,0,0,0,1,106.425,1,0,1,0,0,1,0,0,0
64,0,0,0,0,0,0,0,1,0,0,0,1,1,0,0,26.0,1,0,1,0,0,1,0,0,0
19,0,0,0,0,0,0,0,1,0,0,0,1,0,0,1,26.0,2,1,0,0,0,0,1,0,0
30,0,0,0,0,0,0,0,1,0,1,0,0,1,0,0,13.8625,2,0,1,0,0,1,0,0,0
33,0,0,0,0,0,0,0,1,0,0,0,1,0,0,1,20.525,3,0,1,0,0,1,0,0,0
8,0,0,0,0,0,0,0,1,0,0,0,1,0,0,1,36.75,2,0,1,1,0,0,0,0,0
17,0,0,1,0,0,0,0,0,0,1,0,0,0,0,1,110.8833,1,0,1,0,0,1,0,0,0
27,0,0,0,0,0,0,0,1,0,0,0,1,1,0,0,26.0,2,0,1,0,0,1,0,0,0
26,0,0,0,0,0,0,0,1,0,0,1,0,1,0,0,7.8292,3,0,1,0,0,1,0,0,0
22,0,0,0,0,0,0,0,1,0,1,0,0,1,0,0,7.225,3,0,1,0,0,1,0,0,0
22,0,0,0,0,0,0,0,1,0,0,0,1,1,0,0,7.775,3,1,0,0,1,0,0,0,0
62,0,0,0,0,0,0,0,1,0,0,0,1,1,0,0,26.55,1,0,1,0,0,1,0,0,0
48,1,0,0,0,0,0,0,0,0,1,0,0,0,0,1,39.6,1,1,0,0,0,0,0,1,0
41,0,0,0,0,0,0,0,1,0,1,0,0,1,0,0,227.525,1,0,1,0,0,1,0,0,0
39,0,0,0,0,1,0,0,0,0,0,0,1,0,0,1,79.65,1,1,0,0,0,0,1,0,0
36,0,0,0,0,0,0,0,1,0,0,0,1,0,0,1,17.4,3,1,0,0,0,0,1,0,0
26,0,0,0,0,0,0,0,1,0,0,1,0,1,0,0,7.75,3,0,1,0,0,1,0,0,0
40,0,0,0,0,0,0,0,1,0,0,0,1,1,0,0,7.8958,3,0,1,0,0,1,0,0,0
28,0,0,0,0,0,0,0,1,0,0,0,1,1,0,0,13.5,2,0,1,0,0,1,0,0,0
26,0,0,0,0,0,0,0,1,0,0,0,1,1,0,0,8.05,3,0,1,0,0,1,0,0,0
21,0,0,0,0,0,0,0,1,0,0,0,1,1,0,0,8.05,3,1,0,0,1,0,0,0,0
24,0,0,0,0,0,0,0,1,0,0,0,1,0,0,1,24.15,3,0,1,0,0,1,0,0,0
19,0,0,0,0,0,0,0,1,0,0,0,1,1,0,0,7.8958,3,0,1,0,0,1,0,0,0
29,0,0,0,0,0,0,0,1,0,0,0,1,0,1,0,21.075,3,1,0,0,0,0,1,0,0
26,0,0,0,0,0,0,0,1,0,1,0,0,1,0,0,7.2292,3,0,1,0,0,1,0,0,0
32,0,0,0,0,0,0,0,1,0,0,0,1,1,0,0,7.8542,3,0,1,0,0,1,0,0,0
62,0,0,0,0,0,0,0,1,0,0,0,1,1,0,0,10.5,2,0,1,0,0,1,0,0,0
53,0,0,1,0,0,0,0,0,0,0,0,1,0,0,1,51.4792,1,1,0,0,0,0,1,0,0
36,0,0,0,0,1,0,0,0,0,0,0,1,1,0,0,26.3875,1,0,1,0,0,1,0,0,0
21,0,0,0,0,0,0,0,1,0,0,1,0,1,0,0,7.75,3,1,0,0,1,0,0,0,0
16,0,0,0,0,0,0,0,1,0,0,0,1,1,0,0,8.05,3,0,1,0,0,1,0,0,0
19,0,0,0,0,0,0,0,1,0,0,0,1,1,0,0,14.5,3,0,1,0,0,1,0,0,0
34,0,0,0,0,0,0,0,1,0,0,0,1,1,0,0,13.0,2,1,0,0,1,0,0,0,0
39,0,0,0,0,1,0,0,0,0,0,0,1,0,0,1,55.9,1,1,0,0,0,0,1,0,0
21,0,0,0,0,0,0,0,1,0,1,0,0,0,0,1,14.4583,3,1,0,0,0,0,1,0,0
32,0,0,0,0,0,0,0,1,0,0,0,1,1,0,0,7.925,3,0,1,0,0,1,0,0,0
25,0,0,0,0,0,0,0,1,0,0,0,1,0,0,1,30.0,2,1,0,0,1,0,0,0,0
39,0,0,1,0,0,0,0,0,0,1,0,0,0,0,1,110.8833,1,1,0,0,0,0,1,0,0
54,0,0,0,0,0,0,0,1,0,0,0,1,1,0,0,26.0,2,0,1,0,0,1,0,0,0
36,1,0,0,0,0,0,0,0,0,1,0,0,1,0,0,40.125,1,0,1,0,0,1,0,0,0
26,0,0,0,0,0,0,0,1,0,1,0,0,1,0,0,8.7125,3,0,1,0,0,1,0,0,0
18,0,0,0,0,1,0,0,0,0,0,0,1,0,0,1,79.65,1,1,0,0,1,0,0,0,0
47,0,0,0,0,0,0,0,1,0,0,0,1,1,0,0,15.0,2,0,1,0,0,1,0,0,0
60,0,1,0,0,0,0,0,0,0,1,0,0,0,0,1,79.2,1,0,1,0,0,1,0,0,0
22,0,0,0,0,0,0,0,1,0,0,0,1,1,0,0,8.05,3,0,1,0,0,1,0,0,0
26,0,0,0,0,0,0,0,1,0,0,0,1,1,0,0,8.05,3,0,1,0,0,1,0,0,0
35,0,0,0,0,0,0,0,1,0,0,0,1,1,0,0,7.125,3,0,1,0,0,1,0,0,0
52,0,0,0,1,0,0,0,0,0,1,0,0,0,0,1,78.2667,1,1,0,0,0,0,1,0,0
47,0,0,0,0,0,0,0,1,0,0,0,1,1,0,0,7.25,3,0,1,0,0,1,0,0,0
21,0,0,0,0,0,0,0,1,0,0,1,0,0,0,1,7.75,3,1,0,0,1,0,0,0,0
37,0,0,0,0,0,0,0,1,0,0,0,1,0,0,1,26.0,2,0,1,0,0,1,0,0,0
36,0,0,0,0,0,0,0,1,0,0,0,1,0,0,1,24.15,3,0,1,0,0,1,0,0,0
28,0,0,0,0,0,0,0,1,0,0,0,1,1,0,0,33.0,2,1,0,0,1,0,0,0,0
49,0,0,0,0,0,0,0,1,0,0,0,1,1,0,0,0.0,3,0,1,0,0,1,0,0,0
26,0,0,0,0,0,0,0,1,0,1,0,0,1,0,0,7.225,3,0,1,0,0,1,0,0,0
49,1,0,0,0,0,0,0,0,0,1,0,0,0,0,1,56.9292,1,0,1,0,0,0,0,1,0
24,0,0,0,0,0,0,0,1,0,0,0,1,0,0,1,27.0,2,1,0,0,0,0,1,0,0
26,0,0,0,0,0,0,0,1,0,0,0,1,1,0,0,7.8958,3,0,1,0,0,1,0,0,0
41,0,0,0,0,0,0,0,1,0,0,0,1,1,0,0,42.4,1,0,1,0,0,1,0,0,0
44,0,0,0,0,0,0,0,1,0,0,0,1,1,0,0,8.05,3,0,1,0,0,1,0,0,0
35,0,0,0,0,0,0,0,1,0,1,0,0,1,0,0,26.55,1,0,1,0,0,1,0,0,0
36,0,0,0,0,0,0,0,1,0,0,0,1,0,0,1,15.55,3,0,1,0,0,1,0,0,0
30,0,0,0,0,0,0,0,1,0,0,0,1,1,0,0,7.8958,3,0,1,0,0,1,0,0,0
27,0,0,0,0,0,0,0,1,0,0,0,1,1,0,0,30.5,1,0,1,0,0,1,0,0,0
22,0,0,0,0,0,0,0,1,0,1,0,0,0,0,1,41.5792,2,1,0,0,0,0,1,0,0
40,0,0,1,0,0,0,0,0,0,0,0,1,1,0,0,153.4625,1,1,0,0,1,0,0,0,0
39,0,0,0,0,0,0,0,1,0,0,0,1,0,1,0,31.275,3,1,0,0,0,0,1,0,0
26,0,0,0,0,0,0,0,1,0,0,0,1,1,0,0,7.05,3,0,1,0,0,1,0,0,0
21,0,0,0,0,0,0,0,1,0,0,1,0,0,0,1,15.5,3,1,0,0,1,0,0,0,0
26,0,0,0,0,0,0,0,1,0,0,1,0,1,0,0,7.75,3,0,1,0,0,1,0,0,0
35,0,0,0,0,0,0,0,1,0,0,0,1,1,0,0,8.05,3,0,1,0,0,1,0,0,0
24,0,0,0,0,0,0,0,1,0,0,0,1,0,0,1,65.0,2,1,0,0,1,0,0,0,0
34,0,0,0,0,0,0,0,1,0,0,0,1,0,0,1,14.4,3,0,1,0,0,1,0,0,0
26,0,0,0,0,0,0,0,1,0,0,0,1,0,0,1,16.1,3,1,0,0,0,0,1,0,0
4,0,0,0,0,0,1,0,0,0,0,0,1,0,0,1,39.0,2,1,0,0,1,0,0,0,0
26,0,0,0,0,0,0,0,1,0,0,0,1,1,0,0,10.5,2,0,1,0,0,1,0,0,0
27,0,0,0,0,0,0,0,1,0,1,0,0,0,0,1,14.4542,3,0,1,0,0,1,0,0,0
42,0,0,0,1,0,0,0,0,0,0,0,1,0,0,1,52.5542,1,0,1,0,0,1,0,0,0
20,0,0,0,0,0,0,0,1,0,1,0,0,0,0,1,15.7417,3,0,1,0,0,1,0,0,0
21,0,0,0,0,0,0,0,1,0,0,0,1,1,0,0,7.8542,3,0,1,0,0,1,0,0,0
21,0,0,0,0,0,0,0,1,0,0,0,1,1,0,0,16.1,3,0,1,0,0,1,0,0,0
61,0,0,0,1,0,0,0,0,0,0,0,1,1,0,0,32.3208,1,0,1,0,0,1,0,0,0
57,0,0,0,0,0,0,0,1,0,0,1,0,1,0,0,12.35,2,0,1,0,0,0,0,0,1
21,0,0,0,1,0,0,0,0,0,0,0,1,1,0,0,77.9583,1,1,0,0,1,0,0,0,0
26,0,0,0,0,0,0,0,1,0,0,0,1,1,0,0,7.8958,3,0,1,0,0,1,0,0,0
26,0,0,0,0,0,0,0,1,0,0,1,0,1,0,0,7.7333,3,0,1,0,0,1,0,0,0
80,1,0,0,0,0,0,0,0,0,0,0,1,1,0,0,30.0,1,0,1,0,0,1,0,0,0
51,0,0,0,0,0,0,0,1,0,0,0,1,1,0,0,7.0542,3,0,1,0,0,1,0,0,0
32,0,1,0,0,0,0,0,0,0,1,0,0,1,0,0,30.5,1,0,1,0,0,0,0,1,0
41,0,0,0,0,0,0,0,1,0,0,0,1,1,0,0,0.0,1,0,1,0,0,1,0,0,0
9,0,0,0,0,0,0,0,1,0,0,0,1,0,1,0,27.9,3,1,0,0,1,0,0,0,0
28,0,0,0,0,0,0,0,1,0,0,0,1,1,0,0,13.0,2,1,0,0,1,0,0,0,0
32,0,0,0,0,0,0,0,1,0,0,0,1,1,0,0,7.925,3,0,1,0,0,1,0,0,0
31,0,0,0,0,0,0,0,1,0,0,0,1,0,0,1,26.25,2,0,1,0,0,1,0,0,0
41,0,0,0,0,0,0,0,1,0,0,0,1,0,1,0,39.6875,3,1,0,0,0,0,1,0,0
26,0,0,0,0,0,0,0,1,0,0,0,1,0,0,1,16.1,3,0,1,0,0,1,0,0,0
20,0,0,0,0,0,0,0,1,0,0,0,1,1,0,0,7.8542,3,0,1,0,0,1,0,0,0
24,0,1,0,0,0,0,0,0,0,1,0,0,1,0,0,69.3,1,1,0,0,0,0,0,1,0
2,0,0,0,0,0,0,0,1,0,0,0,1,0,1,0,27.9,3,1,0,0,1,0,0,0,0
26,0,0,0,0,0,0,0,1,0,0,0,1,1,0,0,56.4958,3,0,1,0,0,1,0,0,0
0,0,0,0,0,0,0,0,1,0,1,0,0,0,0,1,19.2583,3,1,0,0,1,0,0,0,0
48,0,0,0,1,0,0,0,0,0,1,0,0,0,0,1,76.7292,1,0,1,0,0,1,0,0,0
19,0,0,0,0,0,0,0,1,0,0,0,1,1,0,0,7.8958,3,0,1,0,0,1,0,0,0
56,1,0,0,0,0,0,0,0,0,1,0,0,1,0,0,35.5,1,0,1,0,0,0,0,1,0
26,0,0,0,0,0,0,0,1,0,0,0,1,1,0,0,7.55,3,0,1,0,0,1,0,0,0
23,0,0,0,0,0,0,0,1,0,0,0,1,1,0,0,7.55,3,1,0,0,1,0,0,0,0
26,0,0,0,0,0,0,0,1,0,0,0,1,1,0,0,7.8958,3,0,1,0,0,1,0,0,0
18,0,0,0,0,0,0,0,1,0,0,0,1,0,0,1,23.0,2,1,0,0,1,0,0,0,0
21,0,0,0,0,0,0,0,1,0,0,0,1,1,0,0,8.4333,3,0,1,0,0,1,0,0,0
21,0,0,0,0,0,0,0,1,0,0,1,0,1,0,0,7.8292,3,1,0,0,1,0,0,0,0
18,0,0,0,0,0,0,0,1,0,0,1,0,1,0,0,6.75,3,1,0,0,1,0,0,0,0
24,0,0,0,0,0,0,0,1,0,0,0,1,0,0,1,73.5,2,0,1,0,0,1,0,0,0
26,0,0,0,0,0,0,0,1,0,0,0,1,1,0,0,7.8958,3,0,1,0,0,1,0,0,0
32,0,0,0,0,0,0,0,1,0,0,1,0,0,0,1,15.5,3,1,0,0,0,0,1,0,0
23,0,0,0,0,0,0,0,1,0,0,0,1,1,0,0,13.0,2,0,1,0,0,1,0,0,0
58,0,0,0,1,0,0,0,0,0,1,0,0,0,0,1,113.275,1,0,1,0,0,1,0,0,0
50,0,0,0,0,0,0,0,1,0,0,0,1,0,0,1,133.65,1,0,1,0,0,0,0,1,0
40,0,0,0,0,0,0,0,1,0,1,0,0,1,0,0,7.225,3,0,1,0,0,1,0,0,0
47,0,0,0,0,1,0,0,0,0,0,0,1,1,0,0,25.5875,1,0,1,0,0,1,0,0,0
36,0,0,0,0,0,0,0,1,0,0,0,1,1,0,0,7.4958,3,0,1,0,0,1,0,0,0
20,0,0,0,0,0,0,0,1,0,0,0,1,0,0,1,7.925,3,0,1,0,0,1,0,0,0
32,0,0,0,0,0,0,0,1,0,0,0,1,0,0,1,73.5,2,0,1,0,0,1,0,0,0
25,0,0,0,0,0,0,0,1,0,0,0,1,1,0,0,13.0,2,0,1,0,0,1,0,0,0
26,0,0,0,0,0,0,0,1,0,0,0,1,1,0,0,7.775,3,0,1,0,0,1,0,0,0
43,0,0,0,0,0,0,0,1,0,0,0,1,1,0,0,8.05,3,0,1,0,0,1,0,0,0
34,0,0,1,0,0,0,0,0,0,0,0,1,0,0,1,52.0,1,1,0,0,0,0,1,0,0
40,0,0,0,0,0,0,0,1,0,0,0,1,0,0,1,39.0,2,1,0,0,0,0,1,0,0
31,0,1,0,0,0,0,0,0,0,0,0,1,0,0,1,52.0,1,0,1,0,0,1,0,0,0
70,0,0,0,0,0,0,0,1,0,0,0,1,1,0,0,10.5,2,0,1,0,0,1,0,0,0
31,0,0,0,0,0,0,0,1,0,0,0,1,1,0,0,13.0,2,0,1,0,0,1,0,0,0
30,0,0,0,0,0,0,0,1,0,0,0,1,1,0,0,0.0,2,0,1,0,0,1,0,0,0
18,0,0,0,0,0,0,0,1,0,0,0,1,1,0,0,7.775,3,0,1,0,0,1,0,0,0
24,0,0,0,0,0,0,0,1,0,0,0,1,1,0,0,8.05,3,0,1,0,0,1,0,0,0
18,0,0,0,0,0,0,0,1,0,0,0,1,1,0,0,9.8417,3,1,0,0,1,0,0,0,0
43,0,0,0,0,0,0,0,1,0,0,0,1,0,1,0,46.9,3,1,0,0,0,0,1,0,0
36,0,1,0,0,0,0,0,0,0,1,0,0,0,0,1,512.3292,1,0,1,0,0,1,0,0,0
21,0,0,0,0,0,0,0,1,0,0,1,0,1,0,0,8.1375,3,1,0,0,1,0,0,0,0
27,0,0,0,1,0,0,0,0,0,1,0,0,1,0,0,76.7292,1,0,1,0,0,1,0,0,0
20,0,0,0,0,0,0,0,1,0,0,0,1,1,0,0,9.225,3,0,1,0,0,1,0,0,0
14,0,0,0,0,0,0,0,1,0,0,0,1,0,1,0,46.9,3,0,1,0,0,1,0,0,0
60,0,0,0,0,0,0,0,1,0,0,0,1,0,0,1,39.0,2,0,1,0,0,1,0,0,0
25,0,0,0,0,0,0,0,1,0,1,0,0,0,0,1,41.5792,2,0,1,0,0,1,0,0,0
14,0,0,0,0,0,0,0,1,0,0,0,1,0,1,0,39.6875,3,0,1,0,0,1,0,0,0
19,0,0,0,0,0,0,0,1,0,0,0,1,1,0,0,10.1708,3,0,1,0,0,1,0,0,0
18,0,0,0,0,0,0,0,1,0,0,0,1,1,0,0,7.7958,3,0,1,0,0,1,0,0,0
15,0,1,0,0,0,0,0,0,0,0,0,1,0,0,1,211.3375,1,1,0,0,1,0,0,0,0
31,0,1,0,0,0,0,0,0,0,0,0,1,0,0,1,57.0,1,0,1,0,0,1,0,0,0
4,0,0,0,0,0,0,0,1,0,1,0,0,0,0,1,13.4167,3,1,0,0,1,0,0,0,0
26,0,0,0,0,0,0,0,1,0,0,0,1,1,0,0,56.4958,3,0,1,0,0,1,0,0,0
25,0,0,0,0,0,0,0,1,0,1,0,0,1,0,0,7.225,3,0,1,0,0,1,0,0,0
60,0,0,0,0,0,0,0,1,0,0,0,1,1,0,0,26.55,1,0,1,0,0,0,0,1,0
52,0,0,0,0,0,0,0,1,0,0,0,1,1,0,0,13.5,2,0,1,0,0,1,0,0,0
44,0,0,0,0,0,0,0,1,0,0,0,1,1,0,0,8.05,3,0,1,0,0,1,0,0,0
21,0,0,0,0,0,0,0,1,0,0,1,0,1,0,0,7.7333,3,1,0,0,1,0,0,0,0
49,0,0,1,0,0,0,0,0,0,1,0,0,0,0,1,110.8833,1,0,1,0,0,1,0,0,0
42,0,0,0,0,0,1,0,0,0,0,0,1,1,0,0,7.65,3,0,1,0,0,1,0,0,0
18,0,0,1,0,0,0,0,0,0,1,0,0,0,0,1,227.525,1,1,0,0,0,0,1,0,0
35,0,0,0,0,1,0,0,0,0,0,0,1,1,0,0,26.2875,1,0,1,0,0,1,0,0,0
18,0,0,0,0,0,0,0,1,0,1,0,0,0,0,1,14.4542,3,1,0,0,1,0,0,0,0
25,0,0,0,0,0,0,0,1,0,0,1,0,1,0,0,7.7417,3,0,1,0,0,1,0,0,0
26,0,0,0,0,0,0,0,1,0,0,0,1,0,0,1,7.8542,3,0,1,0,0,1,0,0,0
39,0,0,0,0,0,0,0,1,0,0,0,1,1,0,0,26.0,2,0,1,0,0,1,0,0,0
45,0,0,0,0,0,0,0,1,0,0,0,1,1,0,0,13.5,2,1,0,0,0,0,1,0,0
42,0,0,0,0,1,0,0,0,0,0,0,1,1,0,0,26.2875,1,0,1,0,0,1,0,0,0
22,0,0,0,0,0,0,0,1,0,0,0,1,1,0,0,151.55,1,1,0,0,1,0,0,0,0
26,0,0,0,0,0,0,0,1,0,1,0,0,0,0,1,15.2458,3,0,1,1,0,0,0,0,0
24,0,0,1,0,0,0,0,0,0,1,0,0,1,0,0,49.5042,1,1,0,0,0,0,0,1,0
41,0,0,1,0,0,0,0,0,0,0,0,1,1,0,0,26.55,1,0,1,0,0,1,0,0,0
48,0,0,1,0,0,0,0,0,0,0,0,1,0,0,1,52.0,1,0,1,0,0,1,0,0,0
29,0,0,0,0,0,0,0,1,0,0,0,1,1,0,0,9.4833,3,0,1,0,0,1,0,0,0
52,0,0,0,0,0,0,0,1,0,0,0,1,1,0,0,13.0,2,0,1,0,0,1,0,0,0
19,0,0,0,0,0,1,0,0,0,0,0,1,1,0,0,7.65,3,0,1,0,0,1,0,0,0
38,0,0,1,0,0,0,0,0,0,1,0,0,1,0,0,227.525,1,1,0,0,1,0,0,0,0
27,0,0,0,0,1,0,0,0,0,0,0,1,1,0,0,10.5,2,1,0,0,1,0,0,0,0
26,0,0,0,0,0,0,0,1,0,0,1,0,1,0,0,15.5,3,0,1,0,0,1,0,0,0
33,0,0,0,0,0,0,0,1,0,0,0,1,1,0,0,7.775,3,0,1,0,0,1,0,0,0
6,0,0,0,0,0,0,0,1,0,0,0,1,0,0,1,33.0,2,1,0,0,1,0,0,0,0
17,0,0,0,0,0,0,0,1,0,0,0,1,0,0,1,7.0542,3,0,1,0,0,1,0,0,0
34,0,0,0,0,0,0,0,1,0,0,0,1,1,0,0,13.0,2,0,1,0,0,1,0,0,0
50,0,0,0,0,0,0,0,1,0,0,0,1,1,0,0,13.0,2,0,1,0,0,1,0,0,0
27,0,0,0,0,1,0,0,0,0,0,0,1,0,0,1,53.1,1,0,1,0,0,1,0,0,0
20,0,0,0,0,0,0,0,1,0,0,0,1,1,0,0,8.6625,3,0,1,0,0,1,0,0,0
30,0,0,0,0,0,0,0,1,0,0,0,1,0,0,1,21.0,2,1,0,0,0,0,1,0,0
21,0,0,0,0,0,0,0,1,0,0,1,0,1,0,0,7.7375,3,1,0,0,1,0,0,0,0
25,0,0,0,0,0,0,0,1,0,0,0,1,0,0,1,26.0,2,0,1,0,0,1,0,0,0
25,0,0,0,0,0,0,0,1,0,0,0,1,0,0,1,7.925,3,1,0,0,1,0,0,0,0
29,0,1,0,0,0,0,0,0,0,0,0,1,1,0,0,211.3375,1,1,0,0,1,0,0,0,0
11,0,0,0,0,0,0,0,1,0,1,0,0,1,0,0,18.7875,3,0,1,0,0,1,0,0,0
30,0,0,0,0,0,0,0,1,0,0,0,1,1,0,0,0.0,2,0,1,0,0,1,0,0,0
23,0,0,0,0,0,0,0,1,0,0,0,1,1,0,0,13.0,2,0,1,0,0,1,0,0,0
23,0,0,0,0,0,0,0,1,0,0,0,1,1,0,0,13.0,2,0,1,0,0,1,0,0,0
28,0,0,0,0,0,0,0,1,0,0,0,1,1,0,0,16.1,3,0,1,0,0,1,0,0,0
48,0,0,0,0,0,0,0,1,0,0,0,1,0,1,0,34.375,3,1,0,0,0,0,1,0,0
35,0,1,0,0,0,0,0,0,0,1,0,0,1,0,0,512.3292,1,0,1,0,0,1,0,0,0
26,0,0,0,0,0,0,0,1,0,0,0,1,1,0,0,7.8958,3,0,1,0,0,1,0,0,0
26,0,0,0,0,0,0,0,1,0,0,0,1,1,0,0,7.8958,3,0,1,0,0,1,0,0,0
41,0,0,0,1,0,0,0,0,0,0,0,1,1,0,0,30.0,1,0,1,0,0,1,0,0,0
36,0,0,1,0,0,0,0,0,0,0,0,1,0,0,1,78.85,1,0,1,0,0,1,0,0,0
21,0,1,0,0,0,0,0,0,0,1,0,0,0,1,0,262.375,1,1,0,0,1,0,0,0,0
24,0,0,0,0,0,0,0,1,0,0,0,1,0,0,1,16.1,3,0,1,0,0,1,0,0,0
31,0,0,0,0,0,0,0,1,0,0,0,1,1,0,0,7.925,3,0,1,0,0,1,0,0,0
70,0,1,0,0,0,0,0,0,0,0,0,1,0,0,1,71.0,1,0,1,0,0,0,0,1,0
16,0,0,0,0,0,0,0,1,0,0,0,1,0,0,1,20.25,3,0,1,0,0,1,0,0,0
30,0,0,0,0,0,0,0,1,0,0,0,1,1,0,0,13.0,2,1,0,0,1,0,0,0,0
19,0,0,0,1,0,0,0,0,0,0,0,1,0,0,1,53.1,1,0,1,0,0,1,0,0,0
31,0,0,0,0,0,0,0,1,0,0,1,0,1,0,0,7.75,3,0,1,0,0,1,0,0,0
4,0,0,0,0,0,0,0,1,0,0,0,1,0,0,1,23.0,2,1,0,0,1,0,0,0,0
6,0,0,0,0,1,0,0,0,0,0,0,1,0,0,1,12.475,3,0,1,1,0,0,0,0,0
33,0,0,0,0,0,0,0,1,0,0,0,1,1,0,0,9.5,3,0,1,0,0,1,0,0,0
23,0,0,0,0,0,0,0,1,0,0,0,1,1,0,0,7.8958,3,0,1,0,0,1,0,0,0
48,0,0,0,0,0,0,0,1,0,0,0,1,0,0,1,65.0,2,1,0,0,0,0,1,0,0
0,0,0,0,0,0,0,0,1,0,0,0,1,0,0,1,14.5,2,0,1,1,0,0,0,0,0
28,0,0,0,0,0,0,0,1,0,0,0,1,1,0,0,7.7958,3,0,1,0,0,1,0,0,0
18,0,0,0,0,0,0,0,1,0,0,0,1,1,0,0,11.5,2,0,1,0,0,1,0,0,0
34,0,0,0,0,0,0,0,1,0,0,0,1,1,0,0,8.05,3,0,1,0,0,1,0,0,0
33,0,1,0,0,0,0,0,0,0,0,0,1,1,0,0,86.5,1,1,0,0,0,0,0,1,0
26,0,0,0,0,0,0,0,1,0,0,0,1,1,0,0,14.5,3,0,1,0,0,1,0,0,0
41,0,0,0,0,0,0,0,1,0,0,0,1,1,0,0,7.125,3,0,1,0,0,1,0,0,0
20,0,0,0,0,0,0,0,1,0,1,0,0,1,0,0,7.2292,3,0,1,0,0,1,0,0,0
36,0,1,0,0,0,0,0,0,0,0,0,1,0,0,1,120.0,1,1,0,0,0,0,1,0,0
16,0,0,0,0,0,0,0,1,0,0,0,1,1,0,0,7.775,3,0,1,0,0,1,0,0,0
51,0,0,0,1,0,0,0,0,0,0,0,1,0,0,1,77.9583,1,1,0,0,0,0,1,0,0
41,0,0,0,0,0,0,0,1,0,1,0,0,1,0,0,39.6,1,0,1,0,0,0,0,1,0
30,0,0,0,0,0,0,0,1,0,0,1,0,1,0,0,7.75,3,1,0,0,1,0,0,0,0
26,0,0,0,0,0,0,0,1,0,0,1,0,0,0,1,24.15,3,0,1,0,0,1,0,0,0
32,0,0,0,0,0,0,0,1,0,0,0,1,1,0,0,8.3625,3,0,1,0,0,1,0,0,0
24,0,0,0,0,0,0,0,1,0,0,0,1,1,0,0,9.5,3,0,1,0,0,1,0,0,0
48,0,0,0,0,0,0,0,1,0,0,0,1,1,0,0,7.8542,3,0,1,0,0,1,0,0,0
57,0,0,0,0,1,0,0,0,0,0,0,1,1,0,0,10.5,2,1,0,0,0,0,1,0,0
26,0,0,0,0,0,0,0,1,0,1,0,0,1,0,0,7.225,3,0,1,0,0,1,0,0,0
54,0,0,0,0,0,0,0,1,0,0,0,1,0,1,0,23.0,2,1,0,0,0,0,1,0,0
18,0,0,0,0,0,0,0,1,0,0,0,1,1,0,0,7.75,3,0,1,0,0,1,0,0,0
26,0,0,0,0,0,1,0,0,0,0,1,0,1,0,0,7.75,3,0,1,0,0,1,0,0,0
5,0,0,0,0,0,0,0,1,0,0,0,1,1,0,0,12.475,3,1,0,0,1,0,0,0,0
26,0,0,0,0,0,0,0,1,0,0,1,0,1,0,0,7.7375,3,0,1,0,0,1,0,0,0
43,0,1,0,0,0,0,0,0,0,0,0,1,0,0,1,211.3375,1,1,0,0,0,0,1,0,0
13,0,0,0,0,0,0,0,1,0,1,0,0,1,0,0,7.2292,3,1,0,0,1,0,0,0,0
17,0,1,0,0,0,0,0,0,0,0,0,1,0,0,1,57.0,1,1,0,0,0,0,1,0,0
29,0,0,0,1,0,0,0,0,0,0,0,1,1,0,0,30.0,1,0,1,0,0,1,0,0,0
26,0,0,0,0,0,0,0,1,0,0,0,1,0,0,1,23.45,3,0,1,0,0,1,0,0,0
25,0,0,0,0,0,0,0,1,0,0,0,1,1,0,0,7.05,3,0,1,0,0,1,0,0,0
25,0,0,0,0,0,0,0,1,0,0,0,1,1,0,0,7.25,3,0,1,0,0,1,0,0,0
18,0,0,0,0,0,0,0,1,0,0,0,1,1,0,0,7.4958,3,1,0,0,1,0,0,0,0
8,0,0,0,0,0,0,0,1,0,0,1,0,0,1,0,29.125,3,0,1,1,0,0,0,0,0
1,0,0,0,0,0,0,0,1,0,0,0,1,0,0,1,20.575,3,0,1,1,0,0,0,0,0
46,0,1,0,0,0,0,0,0,0,1,0,0,1,0,0,79.2,1,0,1,0,0,1,0,0,0
26,0,0,0,0,0,0,0,1,0,0,1,0,1,0,0,7.75,3,0,1,0,0,1,0,0,0
16,0,0,0,0,0,0,0,1,0,0,0,1,1,0,0,26.0,2,0,1,0,0,1,0,0,0
21,0,0,0,0,0,0,0,1,0,0,0,1,0,1,0,69.55,3,1,0,0,1,0,0,0,0
41,0,0,0,0,0,0,0,1,0,1,0,0,1,0,0,30.6958,1,0,1,0,0,1,0,0,0
25,0,0,0,0,0,0,0,1,0,0,0,1,1,0,0,7.8958,3,0,1,0,0,1,0,0,0
39,0,0,0,0,0,0,0,1,0,0,0,1,1,0,0,13.0,2,0,1,0,0,1,0,0,0
49,0,0,0,1,0,0,0,0,0,0,0,1,1,0,0,25.9292,1,1,0,0,0,0,0,1,0
31,0,0,0,0,0,0,0,1,0,0,0,1,1,0,0,8.6833,3,1,0,0,0,0,1,0,0
30,0,0,0,0,0,0,0,1,0,1,0,0,1,0,0,7.2292,3,0,1,0,0,1,0,0,0
30,0,0,0,0,0,0,0,1,0,0,0,1,0,0,1,24.15,3,1,0,0,0,0,1,0,0
34,0,0,0,0,0,0,0,1,0,0,0,1,1,0,0,13.0,2,0,1,0,0,1,0,0,0
31,0,0,0,0,0,0,0,1,0,0,0,1,0,0,1,26.25,2,1,0,0,0,0,1,0,0
11,0,1,0,0,0,0,0,0,0,0,0,1,0,0,1,120.0,1,0,1,1,0,0,0,0,0
0,0,0,0,0,0,0,0,1,0,1,0,0,0,0,1,8.5167,3,0,1,1,0,0,0,0,0
27,0,0,0,0,0,0,0,1,0,0,0,1,1,0,0,6.975,3,0,1,0,0,1,0,0,0
31,0,0,0,0,0,0,0,1,0,0,0,1,1,0,0,7.775,3,0,1,0,0,1,0,0,0
39,1,0,0,0,0,0,0,0,0,0,0,1,1,0,0,0.0,1,0,1,0,0,1,0,0,0
18,0,0,0,0,0,0,0,1,0,0,0,1,1,0,0,7.775,3,1,0,0,1,0,0,0,0
39,0,0,0,0,0,0,0,1,0,0,0,1,1,0,0,13.0,2,0,1,0,0,1,0,0,0
33,0,0,0,0,1,0,0,0,0,0,0,1,0,0,1,53.1,1,1,0,0,0,0,1,0,0
26,0,0,0,0,0,0,0,1,0,0,0,1,1,0,0,7.8875,3,0,1,0,0,1,0,0,0
39,0,0,0,0,0,0,0,1,0,0,0,1,1,0,0,24.15,3,0,1,0,0,1,0,0,0
35,0,0,0,0,0,0,0,1,0,0,0,1,1,0,0,10.5,2,0,1,0,0,1,0,0,0
6,0,0,0,0,0,0,0,1,0,0,0,1,0,1,0,31.275,3,1,0,0,1,0,0,0,0
30,0,0,0,0,0,0,0,1,0,0,0,1,1,0,0,8.05,3,0,1,0,0,1,0,0,0
41,0,1,0,0,0,0,0,0,0,0,0,1,1,0,0,0.0,1,0,1,0,0,1,0,0,0
23,0,0,0,0,0,0,0,1,0,0,0,1,1,0,0,7.925,3,1,0,0,1,0,0,0,0
31,0,0,0,0,0,0,0,1,0,1,0,0,0,0,1,37.0042,2,0,1,0,0,1,0,0,0
43,0,0,0,0,0,0,0,1,0,0,0,1,1,0,0,6.45,3,0,1,0,0,1,0,0,0
10,0,0,0,0,0,0,0,1,0,0,0,1,0,1,0,27.9,3,0,1,1,0,0,0,0,0
52,0,1,0,0,0,0,0,0,0,0,0,1,0,0,1,93.5,1,1,0,0,0,0,1,0,0
27,0,0,0,0,0,0,0,1,0,0,0,1,1,0,0,8.6625,3,0,1,0,0,1,0,0,0
38,0,0,0,0,0,0,0,1,0,0,0,1,1,0,0,0.0,1,0,1,0,0,0,0,1,0
27,0,0,0,0,1,0,0,0,0,0,0,1,0,0,1,12.475,3,1,0,0,0,0,1,0,0
2,0,0,0,0,0,0,0,1,0,0,0,1,0,1,0,39.6875,3,0,1,1,0,0,0,0,0
26,0,0,0,0,0,0,0,1,0,0,1,0,1,0,0,6.95,3,0,1,0,0,1,0,0,0
26,0,0,0,0,0,0,0,1,0,0,0,1,1,0,0,56.4958,3,0,1,0,0,1,0,0,0
1,0,0,0,0,0,0,0,1,0,1,0,0,0,0,1,37.0042,2,0,1,1,0,0,0,0,0
26,0,0,0,0,0,0,0,1,0,0,1,0,1,0,0,7.75,3,0,1,0,0,1,0,0,0
62,0,1,0,0,0,0,0,0,0,0,0,1,1,0,0,80.0,1,1,0,0,0,0,1,0,0
15,0,0,0,0,0,0,0,1,0,1,0,0,0,0,1,14.4542,3,1,0,0,0,0,1,0,0
0,0,0,0,0,0,0,0,1,0,0,0,1,0,0,1,18.75,2,0,1,1,0,0,0,0,0
26,0,0,0,0,0,0,0,1,0,1,0,0,1,0,0,7.2292,3,0,1,0,0,1,0,0,0
23,0,0,0,0,0,0,0,1,0,0,0,1,1,0,0,7.8542,3,0,1,0,0,1,0,0,0
18,0,0,0,0,0,0,0,1,0,0,0,1,1,0,0,8.3,3,0,1,0,0,1,0,0,0
39,0,0,0,0,1,0,0,0,0,1,0,0,0,0,1,83.1583,1,1,0,0,1,0,0,0,0
21,0,0,0,0,0,0,0,1,0,0,0,1,1,0,0,8.6625,3,0,1,0,0,1,0,0,0
26,0,0,0,0,0,0,0,1,0,0,0,1,1,0,0,8.05,3,0,1,0,0,1,0,0,0
32,0,0,0,0,0,0,0,1,0,0,0,1,1,0,0,56.4958,3,0,1,0,0,1,0,0,0
41,0,0,1,0,0,0,0,0,0,1,0,0,1,0,0,29.7,1,0,1,0,0,1,0,0,0
20,0,0,0,0,0,0,0,1,0,0,0,1,1,0,0,7.925,3,0,1,0,0,1,0,0,0
16,0,0,0,0,0,0,0,1,0,0,0,1,1,0,0,10.5,2,0,1,0,0,1,0,0,0
30,0,0,0,0,0,0,0,1,0,1,0,0,1,0,0,31.0,1,1,0,0,1,0,0,0,0
34,0,0,0,0,0,0,0,1,0,1,0,0,1,0,0,6.4375,3,0,1,0,0,1,0,0,0
17,0,0,0,0,0,0,0,1,0,0,0,1,1,0,0,8.6625,3,0,1,0,0,1,0,0,0
42,0,0,0,0,0,0,0,1,0,0,0,1,1,0,0,7.55,3,0,1,0,0,1,0,0,0
26,0,0,0,0,0,0,0,1,0,0,0,1,0,1,0,69.55,3,0,1,0,0,1,0,0,0
35,0,0,0,0,0,0,0,1,0,1,0,0,1,0,0,7.8958,3,0,1,0,0,1,0,0,0
28,0,0,0,0,0,0,0,1,0,0,0,1,0,0,1,33.0,2,0,1,0,0,0,0,0,1
34,0,0,1,0,0,0,0,0,0,1,0,0,0,0,1,89.1042,1,1,0,0,0,0,1,0,0
4,0,0,0,0,0,0,0,1,0,0,0,1,0,1,0,31.275,3,0,1,1,0,0,0,0,0
74,0,0,0,0,0,0,0,1,0,0,0,1,1,0,0,7.775,3,0,1,0,0,1,0,0,0
9,0,0,0,0,0,0,0,1,0,1,0,0,0,0,1,15.2458,3,1,0,0,1,0,0,0,0
16,0,0,0,1,0,0,0,0,0,0,0,1,0,0,1,39.4,1,1,0,0,1,0,0,0,0
44,0,0,0,0,0,0,0,1,0,0,0,1,0,0,1,26.0,2,1,0,0,0,0,1,0,0
18,0,0,0,0,0,0,0,1,0,0,0,1,0,0,1,9.35,3,1,0,0,0,0,1,0,0
45,0,0,0,0,0,0,0,1,0,0,0,1,0,0,1,164.8667,1,1,0,0,0,0,1,0,0
51,0,0,0,0,1,0,0,0,0,0,0,1,1,0,0,26.55,1,0,1,0,0,1,0,0,0
24,0,0,0,0,0,0,0,1,0,1,0,0,0,0,1,19.2583,3,1,0,0,0,0,1,0,0
26,0,0,0,0,0,0,0,1,0,1,0,0,1,0,0,7.2292,3,0,1,0,0,1,0,0,0
41,0,0,0,0,0,0,0,1,0,0,0,1,0,0,1,14.1083,3,0,1,0,0,1,0,0,0
21,0,0,0,0,0,0,0,1,0,0,0,1,0,0,1,11.5,2,0,1,0,0,1,0,0,0
48,0,0,0,1,0,0,0,0,0,0,0,1,1,0,0,25.9292,1,1,0,0,0,0,1,0,0
21,0,0,0,0,0,0,0,1,0,0,0,1,0,1,0,69.55,3,1,0,0,1,0,0,0,0
24,0,0,0,0,0,0,0,1,0,0,0,1,1,0,0,13.0,2,0,1,0,0,1,0,0,0
42,0,0,0,0,0,0,0,1,0,0,0,1,1,0,0,13.0,2,1,0,0,0,0,1,0,0
27,0,0,0,0,0,0,0,1,0,1,0,0,0,0,1,13.8583,2,1,0,0,1,0,0,0,0
31,1,0,0,0,0,0,0,0,0,0,0,1,1,0,0,50.4958,1,0,1,0,0,1,0,0,0
26,0,0,0,0,0,0,0,1,0,0,0,1,1,0,0,9.5,3,0,1,0,0,1,0,0,0
4,0,0,0,0,0,0,0,1,0,0,0,1,0,0,1,11.1333,3,0,1,1,0,0,0,0,0
26,0,0,0,0,0,0,0,1,0,0,0,1,1,0,0,7.8958,3,0,1,0,0,1,0,0,0
47,0,0,0,1,0,0,0,0,0,0,0,1,0,0,1,52.5542,1,1,0,0,0,0,1,0,0
33,0,1,0,0,0,0,0,0,0,0,0,1,1,0,0,5.0,1,0,1,0,0,1,0,0,0
47,0,0,0,0,0,0,0,1,0,0,0,1,1,0,0,9.0,3,0,1,0,0,1,0,0,0
28,0,0,0,0,0,0,0,1,0,1,0,0,0,0,1,24.0,2,1,0,0,0,0,1,0,0
15,0,0,0,0,0,0,0,1,0,1,0,0,1,0,0,7.225,3,1,0,0,1,0,0,0,0
20,0,0,0,0,0,0,0,1,0,0,0,1,1,0,0,9.8458,3,0,1,0,0,1,0,0,0
19,0,0,0,0,0,0,0,1,0,0,0,1,1,0,0,7.8958,3,0,1,0,0,1,0,0,0
26,0,0,0,0,0,0,0,1,0,0,0,1,1,0,0,7.8958,3,0,1,0,0,1,0,0,0
56,0,0,1,0,0,0,0,0,0,1,0,0,0,0,1,83.1583,1,1,0,0,0,0,1,0,0
25,0,0,0,0,0,0,0,1,0,0,0,1,0,0,1,26.0,2,1,0,0,0,0,1,0,0
33,0,0,0,0,0,0,0,1,0,0,0,1,1,0,0,7.8958,3,0,1,0,0,1,0,0,0
22,0,0,0,0,0,0,0,1,0,0,0,1,1,0,0,10.5167,3,1,0,0,1,0,0,0,0
28,0,0,0,0,0,0,0,1,0,0,0,1,1,0,0,10.5,2,0,1,0,0,1,0,0,0
25,0,0,0,0,0,0,0,1,0,0,0,1,1,0,0,7.05,3,0,1,0,0,1,0,0,0
39,0,0,0,0,0,0,0,1,0,0,1,0,0,1,0,29.125,3,1,0,0,0,0,1,0,0
27,0,0,0,0,0,0,0,1,0,0,0,1,1,0,0,13.0,2,0,1,0,0,0,0,0,1
19,0,1,0,0,0,0,0,0,0,0,0,1,1,0,0,30.0,1,1,0,0,1,0,0,0,0
21,0,0,0,0,0,0,0,1,0,0,0,1,0,0,1,23.45,3,1,0,0,1,0,0,0,0
26,0,0,1,0,0,0,0,0,0,1,0,0,1,0,0,30.0,1,0,1,0,0,1,0,0,0
32,0,0,0,0,0,0,0,1,0,0,1,0,1,0,0,7.75,3,0,1,0,0,1,0,0,0
